wind_dir;wind_speed;prevalence
0.00;0.00;0.000000
0.00;1.04;0.000000
0.00;2.08;0.000000
0.00;3.12;0.000000
0.00;4.17;0.000000
0.00;5.21;0.000000
0.00;6.25;0.000000
0.00;7.29;0.000000
0.00;8.33;0.000000
0.00;9.38;0.000000
0.00;10.42;0.000000
0.00;11.46;0.000000
0.00;12.50;0.000000
0.00;13.54;0.000000
0.00;14.58;0.000000
0.00;15.63;0.000000
0.00;16.67;0.000000
0.00;17.71;0.000000
0.00;18.75;0.000000
0.00;19.79;0.000000
0.00;20.83;0.000000
0.00;21.88;0.000000
0.00;22.92;0.000000
0.00;23.96;0.000000
0.00;25.00;0.000000
2.00;0.00;0.000000
2.00;1.04;0.000000
2.00;2.08;0.000000
2.00;3.12;0.000000
2.00;4.17;0.000000
2.00;5.21;0.000000
2.00;6.25;0.000000
2.00;7.29;0.000000
2.00;8.33;0.000000
2.00;9.38;0.000000
2.00;10.42;0.000000
2.00;11.46;0.000000
2.00;12.50;0.000000
2.00;13.54;0.000000
2.00;14.58;0.000000
2.00;15.63;0.000000
2.00;16.67;0.000000
2.00;17.71;0.000000
2.00;18.75;0.000000
2.00;19.79;0.000000
2.00;20.83;0.000000
2.00;21.88;0.000000
2.00;22.92;0.000000
2.00;23.96;0.000000
2.00;25.00;0.000000
4.00;0.00;0.000000
4.00;1.04;0.000000
4.00;2.08;0.000000
4.00;3.12;0.000000
4.00;4.17;0.000000
4.00;5.21;0.000000
4.00;6.25;0.000000
4.00;7.29;0.000000
4.00;8.33;0.000000
4.00;9.38;0.000000
4.00;10.42;0.000000
4.00;11.46;0.000000
4.00;12.50;0.000000
4.00;13.54;0.000000
4.00;14.58;0.000000
4.00;15.63;0.000000
4.00;16.67;0.000000
4.00;17.71;0.000000
4.00;18.75;0.000000
4.00;19.79;0.000000
4.00;20.83;0.000000
4.00;21.88;0.000000
4.00;22.92;0.000000
4.00;23.96;0.000000
4.00;25.00;0.000000
6.00;0.00;0.000000
6.00;1.04;0.000000
6.00;2.08;0.000000
6.00;3.12;0.000000
6.00;4.17;0.000000
6.00;5.21;0.000000
6.00;6.25;0.000000
6.00;7.29;0.000000
6.00;8.33;0.000000
6.00;9.38;0.000000
6.00;10.42;0.000000
6.00;11.46;0.000000
6.00;12.50;0.000000
6.00;13.54;0.000000
6.00;14.58;0.000000
6.00;15.63;0.000000
6.00;16.67;0.000000
6.00;17.71;0.000000
6.00;18.75;0.000000
6.00;19.79;0.000000
6.00;20.83;0.000000
6.00;21.88;0.000000
6.00;22.92;0.000000
6.00;23.96;0.000000
6.00;25.00;0.001261
8.00;0.00;0.000000
8.00;1.04;0.000000
8.00;2.08;0.000000
8.00;3.12;0.000000
8.00;4.17;0.000000
8.00;5.21;0.000000
8.00;6.25;0.000000
8.00;7.29;0.000000
8.00;8.33;0.000000
8.00;9.38;0.000000
8.00;10.42;0.000000
8.00;11.46;0.000000
8.00;12.50;0.000000
8.00;13.54;0.000000
8.00;14.58;0.000000
8.00;15.63;0.000000
8.00;16.67;0.000000
8.00;17.71;0.000000
8.00;18.75;0.000000
8.00;19.79;0.000000
8.00;20.83;0.000000
8.00;21.88;0.000000
8.00;22.92;0.001261
8.00;23.96;0.001261
8.00;25.00;0.001261
10.00;0.00;0.000000
10.00;1.04;0.000000
10.00;2.08;0.000000
10.00;3.12;0.000000
10.00;4.17;0.000000
10.00;5.21;0.000000
10.00;6.25;0.000000
10.00;7.29;0.000000
10.00;8.33;0.000000
10.00;9.38;0.000000
10.00;10.42;0.000000
10.00;11.46;0.000000
10.00;12.50;0.000000
10.00;13.54;0.000000
10.00;14.58;0.000000
10.00;15.63;0.000000
10.00;16.67;0.000000
10.00;17.71;0.000000
10.00;18.75;0.000000
10.00;19.79;0.000000
10.00;20.83;0.000000
10.00;21.88;0.001261
10.00;22.92;0.001261
10.00;23.96;0.001261
10.00;25.00;0.001261
12.00;0.00;0.000000
12.00;1.04;0.000000
12.00;2.08;0.000000
12.00;3.12;0.000000
12.00;4.17;0.000000
12.00;5.21;0.000000
12.00;6.25;0.000000
12.00;7.29;0.000000
12.00;8.33;0.000000
12.00;9.38;0.000000
12.00;10.42;0.000000
12.00;11.46;0.000000
12.00;12.50;0.000000
12.00;13.54;0.000000
12.00;14.58;0.000000
12.00;15.63;0.000000
12.00;16.67;0.000000
12.00;17.71;0.000000
12.00;18.75;0.000000
12.00;19.79;0.000000
12.00;20.83;0.000000
12.00;21.88;0.001261
12.00;22.92;0.001261
12.00;23.96;0.001261
12.00;25.00;0.001261
14.00;0.00;0.000000
14.00;1.04;0.000000
14.00;2.08;0.000000
14.00;3.12;0.000000
14.00;4.17;0.000000
14.00;5.21;0.000000
14.00;6.25;0.000000
14.00;7.29;0.000000
14.00;8.33;0.000000
14.00;9.38;0.000000
14.00;10.42;0.000000
14.00;11.46;0.000000
14.00;12.50;0.000000
14.00;13.54;0.000000
14.00;14.58;0.000000
14.00;15.63;0.000000
14.00;16.67;0.000000
14.00;17.71;0.000000
14.00;18.75;0.000000
14.00;19.79;0.000000
14.00;20.83;0.001261
14.00;21.88;0.001261
14.00;22.92;0.001261
14.00;23.96;0.001261
14.00;25.00;0.001261
16.00;0.00;0.000000
16.00;1.04;0.000000
16.00;2.08;0.000000
16.00;3.12;0.000000
16.00;4.17;0.000000
16.00;5.21;0.000000
16.00;6.25;0.000000
16.00;7.29;0.000000
16.00;8.33;0.000000
16.00;9.38;0.000000
16.00;10.42;0.000000
16.00;11.46;0.000000
16.00;12.50;0.000000
16.00;13.54;0.000000
16.00;14.58;0.000000
16.00;15.63;0.000000
16.00;16.67;0.000000
16.00;17.71;0.000000
16.00;18.75;0.000000
16.00;19.79;0.001261
16.00;20.83;0.001261
16.00;21.88;0.001261
16.00;22.92;0.001261
16.00;23.96;0.002522
16.00;25.00;0.002522
18.00;0.00;0.000000
18.00;1.04;0.000000
18.00;2.08;0.000000
18.00;3.12;0.000000
18.00;4.17;0.000000
18.00;5.21;0.000000
18.00;6.25;0.000000
18.00;7.29;0.000000
18.00;8.33;0.000000
18.00;9.38;0.000000
18.00;10.42;0.000000
18.00;11.46;0.000000
18.00;12.50;0.000000
18.00;13.54;0.000000
18.00;14.58;0.000000
18.00;15.63;0.000000
18.00;16.67;0.000000
18.00;17.71;0.000000
18.00;18.75;0.000000
18.00;19.79;0.001261
18.00;20.83;0.001261
18.00;21.88;0.001261
18.00;22.92;0.002522
18.00;23.96;0.002522
18.00;25.00;0.003782
20.00;0.00;0.000000
20.00;1.04;0.000000
20.00;2.08;0.000000
20.00;3.12;0.000000
20.00;4.17;0.000000
20.00;5.21;0.000000
20.00;6.25;0.000000
20.00;7.29;0.000000
20.00;8.33;0.000000
20.00;9.38;0.000000
20.00;10.42;0.000000
20.00;11.46;0.000000
20.00;12.50;0.000000
20.00;13.54;0.000000
20.00;14.58;0.000000
20.00;15.63;0.000000
20.00;16.67;0.000000
20.00;17.71;0.000000
20.00;18.75;0.001261
20.00;19.79;0.001261
20.00;20.83;0.001261
20.00;21.88;0.002522
20.00;22.92;0.002522
20.00;23.96;0.003782
20.00;25.00;0.003782
22.00;0.00;0.000000
22.00;1.04;0.000000
22.00;2.08;0.000000
22.00;3.12;0.000000
22.00;4.17;0.000000
22.00;5.21;0.000000
22.00;6.25;0.000000
22.00;7.29;0.000000
22.00;8.33;0.000000
22.00;9.38;0.000000
22.00;10.42;0.000000
22.00;11.46;0.000000
22.00;12.50;0.000000
22.00;13.54;0.000000
22.00;14.58;0.000000
22.00;15.63;0.000000
22.00;16.67;0.000000
22.00;17.71;0.000000
22.00;18.75;0.001261
22.00;19.79;0.001261
22.00;20.83;0.002522
22.00;21.88;0.002522
22.00;22.92;0.003782
22.00;23.96;0.005043
22.00;25.00;0.005043
24.00;0.00;0.000000
24.00;1.04;0.000000
24.00;2.08;0.000000
24.00;3.12;0.000000
24.00;4.17;0.000000
24.00;5.21;0.000000
24.00;6.25;0.000000
24.00;7.29;0.000000
24.00;8.33;0.000000
24.00;9.38;0.000000
24.00;10.42;0.000000
24.00;11.46;0.000000
24.00;12.50;0.000000
24.00;13.54;0.000000
24.00;14.58;0.000000
24.00;15.63;0.000000
24.00;16.67;0.000000
24.00;17.71;0.001261
24.00;18.75;0.001261
24.00;19.79;0.001261
24.00;20.83;0.002522
24.00;21.88;0.003782
24.00;22.92;0.005043
24.00;23.96;0.006304
24.00;25.00;0.007565
26.00;0.00;0.000000
26.00;1.04;0.000000
26.00;2.08;0.000000
26.00;3.12;0.000000
26.00;4.17;0.000000
26.00;5.21;0.000000
26.00;6.25;0.000000
26.00;7.29;0.000000
26.00;8.33;0.000000
26.00;9.38;0.000000
26.00;10.42;0.000000
26.00;11.46;0.000000
26.00;12.50;0.000000
26.00;13.54;0.000000
26.00;14.58;0.000000
26.00;15.63;0.000000
26.00;16.67;0.000000
26.00;17.71;0.001261
26.00;18.75;0.001261
26.00;19.79;0.001261
26.00;20.83;0.002522
26.00;21.88;0.003782
26.00;22.92;0.006304
26.00;23.96;0.007565
26.00;25.00;0.008826
28.00;0.00;0.000000
28.00;1.04;0.000000
28.00;2.08;0.000000
28.00;3.12;0.000000
28.00;4.17;0.000000
28.00;5.21;0.000000
28.00;6.25;0.000000
28.00;7.29;0.000000
28.00;8.33;0.000000
28.00;9.38;0.000000
28.00;10.42;0.000000
28.00;11.46;0.000000
28.00;12.50;0.000000
28.00;13.54;0.000000
28.00;14.58;0.000000
28.00;15.63;0.000000
28.00;16.67;0.000000
28.00;17.71;0.001261
28.00;18.75;0.001261
28.00;19.79;0.002522
28.00;20.83;0.003782
28.00;21.88;0.005043
28.00;22.92;0.007565
28.00;23.96;0.008826
28.00;25.00;0.011347
30.00;0.00;0.000000
30.00;1.04;0.000000
30.00;2.08;0.000000
30.00;3.12;0.000000
30.00;4.17;0.000000
30.00;5.21;0.000000
30.00;6.25;0.000000
30.00;7.29;0.000000
30.00;8.33;0.000000
30.00;9.38;0.000000
30.00;10.42;0.000000
30.00;11.46;0.000000
30.00;12.50;0.000000
30.00;13.54;0.000000
30.00;14.58;0.000000
30.00;15.63;0.000000
30.00;16.67;0.001261
30.00;17.71;0.001261
30.00;18.75;0.001261
30.00;19.79;0.002522
30.00;20.83;0.005043
30.00;21.88;0.006304
30.00;22.92;0.008826
30.00;23.96;0.011347
30.00;25.00;0.012608
32.00;0.00;0.000000
32.00;1.04;0.000000
32.00;2.08;0.000000
32.00;3.12;0.000000
32.00;4.17;0.000000
32.00;5.21;0.000000
32.00;6.25;0.000000
32.00;7.29;0.000000
32.00;8.33;0.000000
32.00;9.38;0.000000
32.00;10.42;0.000000
32.00;11.46;0.000000
32.00;12.50;0.000000
32.00;13.54;0.000000
32.00;14.58;0.000000
32.00;15.63;0.000000
32.00;16.67;0.001261
32.00;17.71;0.001261
32.00;18.75;0.002522
32.00;19.79;0.003782
32.00;20.83;0.005043
32.00;21.88;0.007565
32.00;22.92;0.010086
32.00;23.96;0.013869
32.00;25.00;0.015130
34.00;0.00;0.000000
34.00;1.04;0.000000
34.00;2.08;0.000000
34.00;3.12;0.000000
34.00;4.17;0.000000
34.00;5.21;0.000000
34.00;6.25;0.000000
34.00;7.29;0.000000
34.00;8.33;0.000000
34.00;9.38;0.000000
34.00;10.42;0.000000
34.00;11.46;0.000000
34.00;12.50;0.000000
34.00;13.54;0.000000
34.00;14.58;0.000000
34.00;15.63;0.000000
34.00;16.67;0.001261
34.00;17.71;0.001261
34.00;18.75;0.002522
34.00;19.79;0.003782
34.00;20.83;0.006304
34.00;21.88;0.008826
34.00;22.92;0.012608
34.00;23.96;0.015130
34.00;25.00;0.017651
36.00;0.00;0.000000
36.00;1.04;0.000000
36.00;2.08;0.000000
36.00;3.12;0.000000
36.00;4.17;0.000000
36.00;5.21;0.000000
36.00;6.25;0.000000
36.00;7.29;0.000000
36.00;8.33;0.000000
36.00;9.38;0.000000
36.00;10.42;0.000000
36.00;11.46;0.000000
36.00;12.50;0.000000
36.00;13.54;0.000000
36.00;14.58;0.000000
36.00;15.63;0.000000
36.00;16.67;0.001261
36.00;17.71;0.001261
36.00;18.75;0.002522
36.00;19.79;0.005043
36.00;20.83;0.007565
36.00;21.88;0.010086
36.00;22.92;0.013869
36.00;23.96;0.017651
36.00;25.00;0.020173
38.00;0.00;0.000000
38.00;1.04;0.000000
38.00;2.08;0.000000
38.00;3.12;0.000000
38.00;4.17;0.000000
38.00;5.21;0.000000
38.00;6.25;0.000000
38.00;7.29;0.000000
38.00;8.33;0.000000
38.00;9.38;0.000000
38.00;10.42;0.000000
38.00;11.46;0.000000
38.00;12.50;0.000000
38.00;13.54;0.000000
38.00;14.58;0.000000
38.00;15.63;0.000000
38.00;16.67;0.001261
38.00;17.71;0.001261
38.00;18.75;0.002522
38.00;19.79;0.005043
38.00;20.83;0.007565
38.00;21.88;0.011347
38.00;22.92;0.015130
38.00;23.96;0.018912
38.00;25.00;0.022694
40.00;0.00;0.000000
40.00;1.04;0.000000
40.00;2.08;0.000000
40.00;3.12;0.000000
40.00;4.17;0.000000
40.00;5.21;0.000000
40.00;6.25;0.000000
40.00;7.29;0.000000
40.00;8.33;0.000000
40.00;9.38;0.000000
40.00;10.42;0.000000
40.00;11.46;0.000000
40.00;12.50;0.000000
40.00;13.54;0.000000
40.00;14.58;0.000000
40.00;15.63;0.000000
40.00;16.67;0.001261
40.00;17.71;0.001261
40.00;18.75;0.003782
40.00;19.79;0.006304
40.00;20.83;0.008826
40.00;21.88;0.012608
40.00;22.92;0.017651
40.00;23.96;0.021434
40.00;25.00;0.025216
42.00;0.00;0.000000
42.00;1.04;0.000000
42.00;2.08;0.000000
42.00;3.12;0.000000
42.00;4.17;0.000000
42.00;5.21;0.000000
42.00;6.25;0.000000
42.00;7.29;0.000000
42.00;8.33;0.000000
42.00;9.38;0.000000
42.00;10.42;0.000000
42.00;11.46;0.000000
42.00;12.50;0.000000
42.00;13.54;0.000000
42.00;14.58;0.000000
42.00;15.63;0.001261
42.00;16.67;0.001261
42.00;17.71;0.002522
42.00;18.75;0.003782
42.00;19.79;0.006304
42.00;20.83;0.010086
42.00;21.88;0.013869
42.00;22.92;0.018912
42.00;23.96;0.022694
42.00;25.00;0.026477
44.00;0.00;0.000000
44.00;1.04;0.000000
44.00;2.08;0.000000
44.00;3.12;0.000000
44.00;4.17;0.000000
44.00;5.21;0.000000
44.00;6.25;0.000000
44.00;7.29;0.000000
44.00;8.33;0.000000
44.00;9.38;0.000000
44.00;10.42;0.000000
44.00;11.46;0.000000
44.00;12.50;0.000000
44.00;13.54;0.000000
44.00;14.58;0.000000
44.00;15.63;0.001261
44.00;16.67;0.001261
44.00;17.71;0.002522
44.00;18.75;0.003782
44.00;19.79;0.007565
44.00;20.83;0.011347
44.00;21.88;0.015130
44.00;22.92;0.020173
44.00;23.96;0.023955
44.00;25.00;0.027738
46.00;0.00;0.000000
46.00;1.04;0.000000
46.00;2.08;0.000000
46.00;3.12;0.000000
46.00;4.17;0.000000
46.00;5.21;0.000000
46.00;6.25;0.000000
46.00;7.29;0.000000
46.00;8.33;0.000000
46.00;9.38;0.000000
46.00;10.42;0.000000
46.00;11.46;0.000000
46.00;12.50;0.000000
46.00;13.54;0.000000
46.00;14.58;0.000000
46.00;15.63;0.001261
46.00;16.67;0.001261
46.00;17.71;0.002522
46.00;18.75;0.005043
46.00;19.79;0.007565
46.00;20.83;0.011347
46.00;21.88;0.016390
46.00;22.92;0.021434
46.00;23.96;0.025216
46.00;25.00;0.028998
48.00;0.00;0.000000
48.00;1.04;0.000000
48.00;2.08;0.000000
48.00;3.12;0.000000
48.00;4.17;0.000000
48.00;5.21;0.000000
48.00;6.25;0.000000
48.00;7.29;0.000000
48.00;8.33;0.000000
48.00;9.38;0.000000
48.00;10.42;0.000000
48.00;11.46;0.000000
48.00;12.50;0.000000
48.00;13.54;0.000000
48.00;14.58;0.000000
48.00;15.63;0.001261
48.00;16.67;0.001261
48.00;17.71;0.002522
48.00;18.75;0.005043
48.00;19.79;0.007565
48.00;20.83;0.012608
48.00;21.88;0.017651
48.00;22.92;0.022694
48.00;23.96;0.026477
48.00;25.00;0.028998
50.00;0.00;0.000000
50.00;1.04;0.000000
50.00;2.08;0.000000
50.00;3.12;0.000000
50.00;4.17;0.000000
50.00;5.21;0.000000
50.00;6.25;0.000000
50.00;7.29;0.000000
50.00;8.33;0.000000
50.00;9.38;0.000000
50.00;10.42;0.000000
50.00;11.46;0.000000
50.00;12.50;0.000000
50.00;13.54;0.000000
50.00;14.58;0.000000
50.00;15.63;0.001261
50.00;16.67;0.001261
50.00;17.71;0.002522
50.00;18.75;0.005043
50.00;19.79;0.008826
50.00;20.83;0.012608
50.00;21.88;0.017651
50.00;22.92;0.022694
50.00;23.96;0.026477
50.00;25.00;0.028998
52.00;0.00;0.000000
52.00;1.04;0.000000
52.00;2.08;0.000000
52.00;3.12;0.000000
52.00;4.17;0.000000
52.00;5.21;0.000000
52.00;6.25;0.000000
52.00;7.29;0.000000
52.00;8.33;0.000000
52.00;9.38;0.000000
52.00;10.42;0.000000
52.00;11.46;0.000000
52.00;12.50;0.000000
52.00;13.54;0.000000
52.00;14.58;0.000000
52.00;15.63;0.001261
52.00;16.67;0.001261
52.00;17.71;0.002522
52.00;18.75;0.005043
52.00;19.79;0.008826
52.00;20.83;0.013869
52.00;21.88;0.018912
52.00;22.92;0.023955
52.00;23.96;0.027738
52.00;25.00;0.030259
54.00;0.00;0.000000
54.00;1.04;0.000000
54.00;2.08;0.000000
54.00;3.12;0.000000
54.00;4.17;0.000000
54.00;5.21;0.000000
54.00;6.25;0.000000
54.00;7.29;0.000000
54.00;8.33;0.000000
54.00;9.38;0.000000
54.00;10.42;0.000000
54.00;11.46;0.000000
54.00;12.50;0.000000
54.00;13.54;0.000000
54.00;14.58;0.000000
54.00;15.63;0.001261
54.00;16.67;0.001261
54.00;17.71;0.002522
54.00;18.75;0.006304
54.00;19.79;0.010086
54.00;20.83;0.013869
54.00;21.88;0.018912
54.00;22.92;0.023955
54.00;23.96;0.027738
54.00;25.00;0.030259
56.00;0.00;0.000000
56.00;1.04;0.000000
56.00;2.08;0.000000
56.00;3.12;0.000000
56.00;4.17;0.000000
56.00;5.21;0.000000
56.00;6.25;0.000000
56.00;7.29;0.000000
56.00;8.33;0.000000
56.00;9.38;0.000000
56.00;10.42;0.000000
56.00;11.46;0.000000
56.00;12.50;0.000000
56.00;13.54;0.000000
56.00;14.58;0.000000
56.00;15.63;0.001261
56.00;16.67;0.001261
56.00;17.71;0.003782
56.00;18.75;0.006304
56.00;19.79;0.010086
56.00;20.83;0.015130
56.00;21.88;0.020173
56.00;22.92;0.023955
56.00;23.96;0.028998
56.00;25.00;0.030259
58.00;0.00;0.000000
58.00;1.04;0.000000
58.00;2.08;0.000000
58.00;3.12;0.000000
58.00;4.17;0.000000
58.00;5.21;0.000000
58.00;6.25;0.000000
58.00;7.29;0.000000
58.00;8.33;0.000000
58.00;9.38;0.000000
58.00;10.42;0.000000
58.00;11.46;0.000000
58.00;12.50;0.000000
58.00;13.54;0.000000
58.00;14.58;0.000000
58.00;15.63;0.001261
58.00;16.67;0.001261
58.00;17.71;0.003782
58.00;18.75;0.006304
58.00;19.79;0.010086
58.00;20.83;0.015130
58.00;21.88;0.020173
58.00;22.92;0.026477
58.00;23.96;0.028998
58.00;25.00;0.031520
60.00;0.00;0.000000
60.00;1.04;0.000000
60.00;2.08;0.000000
60.00;3.12;0.000000
60.00;4.17;0.000000
60.00;5.21;0.000000
60.00;6.25;0.000000
60.00;7.29;0.000000
60.00;8.33;0.000000
60.00;9.38;0.000000
60.00;10.42;0.000000
60.00;11.46;0.000000
60.00;12.50;0.000000
60.00;13.54;0.000000
60.00;14.58;0.000000
60.00;15.63;0.001261
60.00;16.67;0.002522
60.00;17.71;0.003782
60.00;18.75;0.006304
60.00;19.79;0.011347
60.00;20.83;0.015130
60.00;21.88;0.021434
60.00;22.92;0.026477
60.00;23.96;0.030259
60.00;25.00;0.034041
62.00;0.00;0.000000
62.00;1.04;0.000000
62.00;2.08;0.000000
62.00;3.12;0.000000
62.00;4.17;0.000000
62.00;5.21;0.000000
62.00;6.25;0.000000
62.00;7.29;0.000000
62.00;8.33;0.000000
62.00;9.38;0.000000
62.00;10.42;0.000000
62.00;11.46;0.000000
62.00;12.50;0.000000
62.00;13.54;0.000000
62.00;14.58;0.000000
62.00;15.63;0.001261
62.00;16.67;0.002522
62.00;17.71;0.003782
62.00;18.75;0.006304
62.00;19.79;0.011347
62.00;20.83;0.016390
62.00;21.88;0.022694
62.00;22.92;0.026477
62.00;23.96;0.031520
62.00;25.00;0.035302
64.00;0.00;0.000000
64.00;1.04;0.000000
64.00;2.08;0.000000
64.00;3.12;0.000000
64.00;4.17;0.000000
64.00;5.21;0.000000
64.00;6.25;0.000000
64.00;7.29;0.000000
64.00;8.33;0.000000
64.00;9.38;0.000000
64.00;10.42;0.000000
64.00;11.46;0.000000
64.00;12.50;0.000000
64.00;13.54;0.000000
64.00;14.58;0.000000
64.00;15.63;0.001261
64.00;16.67;0.002522
64.00;17.71;0.005043
64.00;18.75;0.007565
64.00;19.79;0.011347
64.00;20.83;0.016390
64.00;21.88;0.022694
64.00;22.92;0.027738
64.00;23.96;0.032781
64.00;25.00;0.036563
66.00;0.00;0.000000
66.00;1.04;0.000000
66.00;2.08;0.000000
66.00;3.12;0.000000
66.00;4.17;0.000000
66.00;5.21;0.000000
66.00;6.25;0.000000
66.00;7.29;0.000000
66.00;8.33;0.000000
66.00;9.38;0.000000
66.00;10.42;0.000000
66.00;11.46;0.000000
66.00;12.50;0.000000
66.00;13.54;0.000000
66.00;14.58;0.001261
66.00;15.63;0.001261
66.00;16.67;0.002522
66.00;17.71;0.005043
66.00;18.75;0.007565
66.00;19.79;0.012608
66.00;20.83;0.017651
66.00;21.88;0.022694
66.00;22.92;0.030259
66.00;23.96;0.036563
66.00;25.00;0.041606
68.00;0.00;0.000000
68.00;1.04;0.000000
68.00;2.08;0.000000
68.00;3.12;0.000000
68.00;4.17;0.000000
68.00;5.21;0.000000
68.00;6.25;0.000000
68.00;7.29;0.000000
68.00;8.33;0.000000
68.00;9.38;0.000000
68.00;10.42;0.000000
68.00;11.46;0.000000
68.00;12.50;0.000000
68.00;13.54;0.000000
68.00;14.58;0.001261
68.00;15.63;0.001261
68.00;16.67;0.002522
68.00;17.71;0.005043
68.00;18.75;0.008826
68.00;19.79;0.012608
68.00;20.83;0.018912
68.00;21.88;0.025216
68.00;22.92;0.031520
68.00;23.96;0.039085
68.00;25.00;0.046649
70.00;0.00;0.000000
70.00;1.04;0.000000
70.00;2.08;0.000000
70.00;3.12;0.000000
70.00;4.17;0.000000
70.00;5.21;0.000000
70.00;6.25;0.000000
70.00;7.29;0.000000
70.00;8.33;0.000000
70.00;9.38;0.000000
70.00;10.42;0.000000
70.00;11.46;0.000000
70.00;12.50;0.000000
70.00;13.54;0.000000
70.00;14.58;0.001261
70.00;15.63;0.001261
70.00;16.67;0.003782
70.00;17.71;0.006304
70.00;18.75;0.008826
70.00;19.79;0.015130
70.00;20.83;0.020173
70.00;21.88;0.026477
70.00;22.92;0.034041
70.00;23.96;0.041606
70.00;25.00;0.051693
72.00;0.00;0.000000
72.00;1.04;0.000000
72.00;2.08;0.000000
72.00;3.12;0.000000
72.00;4.17;0.000000
72.00;5.21;0.000000
72.00;6.25;0.000000
72.00;7.29;0.000000
72.00;8.33;0.000000
72.00;9.38;0.000000
72.00;10.42;0.000000
72.00;11.46;0.000000
72.00;12.50;0.000000
72.00;13.54;0.001261
72.00;14.58;0.001261
72.00;15.63;0.002522
72.00;16.67;0.003782
72.00;17.71;0.006304
72.00;18.75;0.010086
72.00;19.79;0.015130
72.00;20.83;0.021434
72.00;21.88;0.027738
72.00;22.92;0.035302
72.00;23.96;0.046649
72.00;25.00;0.057997
74.00;0.00;0.000000
74.00;1.04;0.000000
74.00;2.08;0.000000
74.00;3.12;0.000000
74.00;4.17;0.000000
74.00;5.21;0.000000
74.00;6.25;0.000000
74.00;7.29;0.000000
74.00;8.33;0.000000
74.00;9.38;0.000000
74.00;10.42;0.000000
74.00;11.46;0.000000
74.00;12.50;0.000000
74.00;13.54;0.001261
74.00;14.58;0.001261
74.00;15.63;0.002522
74.00;16.67;0.005043
74.00;17.71;0.007565
74.00;18.75;0.011347
74.00;19.79;0.016390
74.00;20.83;0.022694
74.00;21.88;0.028998
74.00;22.92;0.037824
74.00;23.96;0.049171
74.00;25.00;0.064301
76.00;0.00;0.000000
76.00;1.04;0.000000
76.00;2.08;0.000000
76.00;3.12;0.000000
76.00;4.17;0.000000
76.00;5.21;0.000000
76.00;6.25;0.000000
76.00;7.29;0.000000
76.00;8.33;0.000000
76.00;9.38;0.000000
76.00;10.42;0.000000
76.00;11.46;0.000000
76.00;12.50;0.000000
76.00;13.54;0.001261
76.00;14.58;0.002522
76.00;15.63;0.003782
76.00;16.67;0.005043
76.00;17.71;0.008826
76.00;18.75;0.013869
76.00;19.79;0.018912
76.00;20.83;0.025216
76.00;21.88;0.031520
76.00;22.92;0.042867
76.00;23.96;0.052953
76.00;25.00;0.068083
78.00;0.00;0.000000
78.00;1.04;0.000000
78.00;2.08;0.000000
78.00;3.12;0.000000
78.00;4.17;0.000000
78.00;5.21;0.000000
78.00;6.25;0.000000
78.00;7.29;0.000000
78.00;8.33;0.000000
78.00;9.38;0.000000
78.00;10.42;0.000000
78.00;11.46;0.000000
78.00;12.50;0.001261
78.00;13.54;0.001261
78.00;14.58;0.002522
78.00;15.63;0.003782
78.00;16.67;0.006304
78.00;17.71;0.010086
78.00;18.75;0.015130
78.00;19.79;0.021434
78.00;20.83;0.026477
78.00;21.88;0.032781
78.00;22.92;0.044128
78.00;23.96;0.056736
78.00;25.00;0.071865
80.00;0.00;0.000000
80.00;1.04;0.000000
80.00;2.08;0.000000
80.00;3.12;0.000000
80.00;4.17;0.000000
80.00;5.21;0.000000
80.00;6.25;0.000000
80.00;7.29;0.000000
80.00;8.33;0.000000
80.00;9.38;0.000000
80.00;10.42;0.000000
80.00;11.46;0.000000
80.00;12.50;0.001261
80.00;13.54;0.001261
80.00;14.58;0.002522
80.00;15.63;0.005043
80.00;16.67;0.008826
80.00;17.71;0.011347
80.00;18.75;0.017651
80.00;19.79;0.022694
80.00;20.83;0.028998
80.00;21.88;0.035302
80.00;22.92;0.047910
80.00;23.96;0.063040
80.00;25.00;0.075648
82.00;0.00;0.000000
82.00;1.04;0.000000
82.00;2.08;0.000000
82.00;3.12;0.000000
82.00;4.17;0.000000
82.00;5.21;0.000000
82.00;6.25;0.000000
82.00;7.29;0.000000
82.00;8.33;0.000000
82.00;9.38;0.000000
82.00;10.42;0.000000
82.00;11.46;0.001261
82.00;12.50;0.001261
82.00;13.54;0.002522
82.00;14.58;0.003782
82.00;15.63;0.006304
82.00;16.67;0.008826
82.00;17.71;0.015130
82.00;18.75;0.018912
82.00;19.79;0.025216
82.00;20.83;0.030259
82.00;21.88;0.037824
82.00;22.92;0.050432
82.00;23.96;0.065561
82.00;25.00;0.079430
84.00;0.00;0.000000
84.00;1.04;0.000000
84.00;2.08;0.000000
84.00;3.12;0.000000
84.00;4.17;0.000000
84.00;5.21;0.000000
84.00;6.25;0.000000
84.00;7.29;0.000000
84.00;8.33;0.000000
84.00;9.38;0.000000
84.00;10.42;0.000000
84.00;11.46;0.001261
84.00;12.50;0.001261
84.00;13.54;0.002522
84.00;14.58;0.005043
84.00;15.63;0.007565
84.00;16.67;0.011347
84.00;17.71;0.017651
84.00;18.75;0.022694
84.00;19.79;0.027738
84.00;20.83;0.032781
84.00;21.88;0.041606
84.00;22.92;0.051693
84.00;23.96;0.069344
84.00;25.00;0.081952
86.00;0.00;0.000000
86.00;1.04;0.000000
86.00;2.08;0.000000
86.00;3.12;0.000000
86.00;4.17;0.000000
86.00;5.21;0.000000
86.00;6.25;0.000000
86.00;7.29;0.000000
86.00;8.33;0.000000
86.00;9.38;0.000000
86.00;10.42;0.000000
86.00;11.46;0.001261
86.00;12.50;0.001261
86.00;13.54;0.003782
86.00;14.58;0.006304
86.00;15.63;0.008826
86.00;16.67;0.013869
86.00;17.71;0.018912
86.00;18.75;0.023955
86.00;19.79;0.028998
86.00;20.83;0.035302
86.00;21.88;0.044128
86.00;22.92;0.055475
86.00;23.96;0.071865
86.00;25.00;0.084473
88.00;0.00;0.000000
88.00;1.04;0.000000
88.00;2.08;0.000000
88.00;3.12;0.000000
88.00;4.17;0.000000
88.00;5.21;0.000000
88.00;6.25;0.000000
88.00;7.29;0.000000
88.00;8.33;0.000000
88.00;9.38;0.000000
88.00;10.42;0.001261
88.00;11.46;0.001261
88.00;12.50;0.002522
88.00;13.54;0.003782
88.00;14.58;0.006304
88.00;15.63;0.010086
88.00;16.67;0.015130
88.00;17.71;0.021434
88.00;18.75;0.027738
88.00;19.79;0.031520
88.00;20.83;0.036563
88.00;21.88;0.044128
88.00;22.92;0.056736
88.00;23.96;0.073126
88.00;25.00;0.085734
90.00;0.00;0.000000
90.00;1.04;0.000000
90.00;2.08;0.000000
90.00;3.12;0.000000
90.00;4.17;0.000000
90.00;5.21;0.000000
90.00;6.25;0.000000
90.00;7.29;0.000000
90.00;8.33;0.000000
90.00;9.38;0.000000
90.00;10.42;0.001261
90.00;11.46;0.001261
90.00;12.50;0.002522
90.00;13.54;0.005043
90.00;14.58;0.007565
90.00;15.63;0.012608
90.00;16.67;0.017651
90.00;17.71;0.022694
90.00;18.75;0.028998
90.00;19.79;0.034041
90.00;20.83;0.037824
90.00;21.88;0.046649
90.00;22.92;0.057997
90.00;23.96;0.074387
90.00;25.00;0.085734
92.00;0.00;0.000000
92.00;1.04;0.000000
92.00;2.08;0.000000
92.00;3.12;0.000000
92.00;4.17;0.000000
92.00;5.21;0.000000
92.00;6.25;0.000000
92.00;7.29;0.000000
92.00;8.33;0.000000
92.00;9.38;0.000000
92.00;10.42;0.001261
92.00;11.46;0.001261
92.00;12.50;0.002522
92.00;13.54;0.005043
92.00;14.58;0.008826
92.00;15.63;0.013869
92.00;16.67;0.020173
92.00;17.71;0.026477
92.00;18.75;0.030259
92.00;19.79;0.035302
92.00;20.83;0.040345
92.00;21.88;0.047910
92.00;22.92;0.059257
92.00;23.96;0.075648
92.00;25.00;0.086995
94.00;0.00;0.000000
94.00;1.04;0.000000
94.00;2.08;0.000000
94.00;3.12;0.000000
94.00;4.17;0.000000
94.00;5.21;0.000000
94.00;6.25;0.000000
94.00;7.29;0.000000
94.00;8.33;0.000000
94.00;9.38;0.000000
94.00;10.42;0.001261
94.00;11.46;0.001261
94.00;12.50;0.003782
94.00;13.54;0.006304
94.00;14.58;0.011347
94.00;15.63;0.015130
94.00;16.67;0.022694
94.00;17.71;0.027738
94.00;18.75;0.031520
94.00;19.79;0.036563
94.00;20.83;0.041606
94.00;21.88;0.049171
94.00;22.92;0.060518
94.00;23.96;0.075648
94.00;25.00;0.086995
96.00;0.00;0.000000
96.00;1.04;0.000000
96.00;2.08;0.000000
96.00;3.12;0.000000
96.00;4.17;0.000000
96.00;5.21;0.000000
96.00;6.25;0.000000
96.00;7.29;0.000000
96.00;8.33;0.000000
96.00;9.38;0.000000
96.00;10.42;0.001261
96.00;11.46;0.002522
96.00;12.50;0.003782
96.00;13.54;0.007565
96.00;14.58;0.011347
96.00;15.63;0.017651
96.00;16.67;0.023955
96.00;17.71;0.028998
96.00;18.75;0.034041
96.00;19.79;0.037824
96.00;20.83;0.041606
96.00;21.88;0.050432
96.00;22.92;0.061779
96.00;23.96;0.076909
96.00;25.00;0.086995
98.00;0.00;0.000000
98.00;1.04;0.000000
98.00;2.08;0.000000
98.00;3.12;0.000000
98.00;4.17;0.000000
98.00;5.21;0.000000
98.00;6.25;0.000000
98.00;7.29;0.000000
98.00;8.33;0.000000
98.00;9.38;0.000000
98.00;10.42;0.001261
98.00;11.46;0.002522
98.00;12.50;0.005043
98.00;13.54;0.008826
98.00;14.58;0.013869
98.00;15.63;0.020173
98.00;16.67;0.025216
98.00;17.71;0.031520
98.00;18.75;0.035302
98.00;19.79;0.039085
98.00;20.83;0.042867
98.00;21.88;0.050432
98.00;22.92;0.061779
98.00;23.96;0.075648
98.00;25.00;0.086995
100.00;0.00;0.000000
100.00;1.04;0.000000
100.00;2.08;0.000000
100.00;3.12;0.000000
100.00;4.17;0.000000
100.00;5.21;0.000000
100.00;6.25;0.000000
100.00;7.29;0.000000
100.00;8.33;0.000000
100.00;9.38;0.001261
100.00;10.42;0.001261
100.00;11.46;0.002522
100.00;12.50;0.005043
100.00;13.54;0.008826
100.00;14.58;0.013869
100.00;15.63;0.021434
100.00;16.67;0.026477
100.00;17.71;0.031520
100.00;18.75;0.036563
100.00;19.79;0.039085
100.00;20.83;0.044128
100.00;21.88;0.051693
100.00;22.92;0.060518
100.00;23.96;0.074387
100.00;25.00;0.085734
102.00;0.00;0.000000
102.00;1.04;0.000000
102.00;2.08;0.000000
102.00;3.12;0.000000
102.00;4.17;0.000000
102.00;5.21;0.000000
102.00;6.25;0.000000
102.00;7.29;0.000000
102.00;8.33;0.000000
102.00;9.38;0.001261
102.00;10.42;0.001261
102.00;11.46;0.003782
102.00;12.50;0.006304
102.00;13.54;0.011347
102.00;14.58;0.016390
102.00;15.63;0.022694
102.00;16.67;0.028998
102.00;17.71;0.032781
102.00;18.75;0.037824
102.00;19.79;0.040345
102.00;20.83;0.045389
102.00;21.88;0.050432
102.00;22.92;0.059257
102.00;23.96;0.071865
102.00;25.00;0.084473
104.00;0.00;0.000000
104.00;1.04;0.000000
104.00;2.08;0.000000
104.00;3.12;0.000000
104.00;4.17;0.000000
104.00;5.21;0.000000
104.00;6.25;0.000000
104.00;7.29;0.000000
104.00;8.33;0.000000
104.00;9.38;0.001261
104.00;10.42;0.001261
104.00;11.46;0.003782
104.00;12.50;0.006304
104.00;13.54;0.011347
104.00;14.58;0.017651
104.00;15.63;0.023955
104.00;16.67;0.030259
104.00;17.71;0.032781
104.00;18.75;0.037824
104.00;19.79;0.041606
104.00;20.83;0.045389
104.00;21.88;0.050432
104.00;22.92;0.060518
104.00;23.96;0.070605
104.00;25.00;0.080691
106.00;0.00;0.000000
106.00;1.04;0.000000
106.00;2.08;0.000000
106.00;3.12;0.000000
106.00;4.17;0.000000
106.00;5.21;0.000000
106.00;6.25;0.000000
106.00;7.29;0.000000
106.00;8.33;0.000000
106.00;9.38;0.001261
106.00;10.42;0.002522
106.00;11.46;0.005043
106.00;12.50;0.007565
106.00;13.54;0.012608
106.00;14.58;0.018912
106.00;15.63;0.025216
106.00;16.67;0.030259
106.00;17.71;0.035302
106.00;18.75;0.039085
106.00;19.79;0.042867
106.00;20.83;0.047910
106.00;21.88;0.052953
106.00;22.92;0.059257
106.00;23.96;0.066822
106.00;25.00;0.075648
108.00;0.00;0.000000
108.00;1.04;0.000000
108.00;2.08;0.000000
108.00;3.12;0.000000
108.00;4.17;0.000000
108.00;5.21;0.000000
108.00;6.25;0.000000
108.00;7.29;0.000000
108.00;8.33;0.001261
108.00;9.38;0.001261
108.00;10.42;0.002522
108.00;11.46;0.005043
108.00;12.50;0.008826
108.00;13.54;0.013869
108.00;14.58;0.020173
108.00;15.63;0.026477
108.00;16.67;0.031520
108.00;17.71;0.036563
108.00;18.75;0.039085
108.00;19.79;0.044128
108.00;20.83;0.049171
108.00;21.88;0.052953
108.00;22.92;0.057997
108.00;23.96;0.064301
108.00;25.00;0.071865
110.00;0.00;0.000000
110.00;1.04;0.000000
110.00;2.08;0.000000
110.00;3.12;0.000000
110.00;4.17;0.000000
110.00;5.21;0.000000
110.00;6.25;0.000000
110.00;7.29;0.000000
110.00;8.33;0.001261
110.00;9.38;0.001261
110.00;10.42;0.002522
110.00;11.46;0.005043
110.00;12.50;0.010086
110.00;13.54;0.015130
110.00;14.58;0.022694
110.00;15.63;0.027738
110.00;16.67;0.032781
110.00;17.71;0.036563
110.00;18.75;0.040345
110.00;19.79;0.045389
110.00;20.83;0.050432
110.00;21.88;0.055475
110.00;22.92;0.060518
110.00;23.96;0.063040
110.00;25.00;0.068083
112.00;0.00;0.000000
112.00;1.04;0.000000
112.00;2.08;0.000000
112.00;3.12;0.000000
112.00;4.17;0.000000
112.00;5.21;0.000000
112.00;6.25;0.000000
112.00;7.29;0.000000
112.00;8.33;0.001261
112.00;9.38;0.002522
112.00;10.42;0.003782
112.00;11.46;0.006304
112.00;12.50;0.011347
112.00;13.54;0.016390
112.00;14.58;0.023955
112.00;15.63;0.028998
112.00;16.67;0.032781
112.00;17.71;0.036563
112.00;18.75;0.041606
112.00;19.79;0.047910
112.00;20.83;0.054214
112.00;21.88;0.057997
112.00;22.92;0.061779
112.00;23.96;0.061779
112.00;25.00;0.065561
114.00;0.00;0.000000
114.00;1.04;0.000000
114.00;2.08;0.000000
114.00;3.12;0.000000
114.00;4.17;0.000000
114.00;5.21;0.000000
114.00;6.25;0.000000
114.00;7.29;0.001261
114.00;8.33;0.001261
114.00;9.38;0.002522
114.00;10.42;0.005043
114.00;11.46;0.007565
114.00;12.50;0.012608
114.00;13.54;0.017651
114.00;14.58;0.023955
114.00;15.63;0.030259
114.00;16.67;0.032781
114.00;17.71;0.039085
114.00;18.75;0.044128
114.00;19.79;0.050432
114.00;20.83;0.056736
114.00;21.88;0.063040
114.00;22.92;0.063040
114.00;23.96;0.063040
114.00;25.00;0.064301
116.00;0.00;0.000000
116.00;1.04;0.000000
116.00;2.08;0.000000
116.00;3.12;0.000000
116.00;4.17;0.000000
116.00;5.21;0.000000
116.00;6.25;0.000000
116.00;7.29;0.001261
116.00;8.33;0.001261
116.00;9.38;0.003782
116.00;10.42;0.005043
116.00;11.46;0.008826
116.00;12.50;0.013869
116.00;13.54;0.018912
116.00;14.58;0.025216
116.00;15.63;0.030259
116.00;16.67;0.035302
116.00;17.71;0.039085
116.00;18.75;0.045389
116.00;19.79;0.054214
116.00;20.83;0.061779
116.00;21.88;0.066822
116.00;22.92;0.066822
116.00;23.96;0.064301
116.00;25.00;0.063040
118.00;0.00;0.000000
118.00;1.04;0.000000
118.00;2.08;0.000000
118.00;3.12;0.000000
118.00;4.17;0.000000
118.00;5.21;0.000000
118.00;6.25;0.001261
118.00;7.29;0.001261
118.00;8.33;0.002522
118.00;9.38;0.003782
118.00;10.42;0.006304
118.00;11.46;0.010086
118.00;12.50;0.015130
118.00;13.54;0.020173
118.00;14.58;0.026477
118.00;15.63;0.030259
118.00;16.67;0.036563
118.00;17.71;0.041606
118.00;18.75;0.047910
118.00;19.79;0.056736
118.00;20.83;0.065561
118.00;21.88;0.070605
118.00;22.92;0.070605
118.00;23.96;0.068083
118.00;25.00;0.063040
120.00;0.00;0.000000
120.00;1.04;0.000000
120.00;2.08;0.000000
120.00;3.12;0.000000
120.00;4.17;0.000000
120.00;5.21;0.000000
120.00;6.25;0.001261
120.00;7.29;0.001261
120.00;8.33;0.002522
120.00;9.38;0.005043
120.00;10.42;0.007565
120.00;11.46;0.011347
120.00;12.50;0.016390
120.00;13.54;0.021434
120.00;14.58;0.027738
120.00;15.63;0.031520
120.00;16.67;0.036563
120.00;17.71;0.042867
120.00;18.75;0.051693
120.00;19.79;0.061779
120.00;20.83;0.068083
120.00;21.88;0.071865
120.00;22.92;0.073126
120.00;23.96;0.070605
120.00;25.00;0.065561
122.00;0.00;0.000000
122.00;1.04;0.000000
122.00;2.08;0.000000
122.00;3.12;0.000000
122.00;4.17;0.000000
122.00;5.21;0.001261
122.00;6.25;0.001261
122.00;7.29;0.001261
122.00;8.33;0.003782
122.00;9.38;0.006304
122.00;10.42;0.008826
122.00;11.46;0.013869
122.00;12.50;0.017651
122.00;13.54;0.022694
122.00;14.58;0.027738
122.00;15.63;0.032781
122.00;16.67;0.039085
122.00;17.71;0.045389
122.00;18.75;0.055475
122.00;19.79;0.064301
122.00;20.83;0.070605
122.00;21.88;0.074387
122.00;22.92;0.075648
122.00;23.96;0.074387
122.00;25.00;0.069344
124.00;0.00;0.000000
124.00;1.04;0.000000
124.00;2.08;0.000000
124.00;3.12;0.000000
124.00;4.17;0.000000
124.00;5.21;0.001261
124.00;6.25;0.001261
124.00;7.29;0.002522
124.00;8.33;0.003782
124.00;9.38;0.006304
124.00;10.42;0.011347
124.00;11.46;0.015130
124.00;12.50;0.020173
124.00;13.54;0.023955
124.00;14.58;0.028998
124.00;15.63;0.034041
124.00;16.67;0.040345
124.00;17.71;0.049171
124.00;18.75;0.057997
124.00;19.79;0.066822
124.00;20.83;0.071865
124.00;21.88;0.075648
124.00;22.92;0.075648
124.00;23.96;0.075648
124.00;25.00;0.071865
126.00;0.00;0.000000
126.00;1.04;0.000000
126.00;2.08;0.000000
126.00;3.12;0.000000
126.00;4.17;0.000000
126.00;5.21;0.001261
126.00;6.25;0.001261
126.00;7.29;0.002522
126.00;8.33;0.005043
126.00;9.38;0.007565
126.00;10.42;0.012608
126.00;11.46;0.016390
126.00;12.50;0.021434
126.00;13.54;0.025216
126.00;14.58;0.030259
126.00;15.63;0.036563
126.00;16.67;0.041606
126.00;17.71;0.051693
126.00;18.75;0.061779
126.00;19.79;0.069344
126.00;20.83;0.071865
126.00;21.88;0.075648
126.00;22.92;0.076909
126.00;23.96;0.079430
126.00;25.00;0.075648
128.00;0.00;0.000000
128.00;1.04;0.000000
128.00;2.08;0.000000
128.00;3.12;0.000000
128.00;4.17;0.001261
128.00;5.21;0.001261
128.00;6.25;0.002522
128.00;7.29;0.003782
128.00;8.33;0.006304
128.00;9.38;0.010086
128.00;10.42;0.013869
128.00;11.46;0.018912
128.00;12.50;0.022694
128.00;13.54;0.027738
128.00;14.58;0.031520
128.00;15.63;0.036563
128.00;16.67;0.042867
128.00;17.71;0.055475
128.00;18.75;0.064301
128.00;19.79;0.069344
128.00;20.83;0.073126
128.00;21.88;0.076909
128.00;22.92;0.078169
128.00;23.96;0.080691
128.00;25.00;0.079430
130.00;0.00;0.000000
130.00;1.04;0.000000
130.00;2.08;0.000000
130.00;3.12;0.000000
130.00;4.17;0.001261
130.00;5.21;0.001261
130.00;6.25;0.002522
130.00;7.29;0.005043
130.00;8.33;0.007565
130.00;9.38;0.011347
130.00;10.42;0.015130
130.00;11.46;0.020173
130.00;12.50;0.025216
130.00;13.54;0.028998
130.00;14.58;0.031520
130.00;15.63;0.036563
130.00;16.67;0.046649
130.00;17.71;0.056736
130.00;18.75;0.066822
130.00;19.79;0.070605
130.00;20.83;0.074387
130.00;21.88;0.078169
130.00;22.92;0.080691
130.00;23.96;0.084473
130.00;25.00;0.083213
132.00;0.00;0.000000
132.00;1.04;0.000000
132.00;2.08;0.000000
132.00;3.12;0.000000
132.00;4.17;0.001261
132.00;5.21;0.001261
132.00;6.25;0.003782
132.00;7.29;0.005043
132.00;8.33;0.008826
132.00;9.38;0.012608
132.00;10.42;0.017651
132.00;11.46;0.022694
132.00;12.50;0.025216
132.00;13.54;0.028998
132.00;14.58;0.034041
132.00;15.63;0.037824
132.00;16.67;0.047910
132.00;17.71;0.059257
132.00;18.75;0.068083
132.00;19.79;0.071865
132.00;20.83;0.074387
132.00;21.88;0.078169
132.00;22.92;0.083213
132.00;23.96;0.086995
132.00;25.00;0.085734
134.00;0.00;0.000000
134.00;1.04;0.000000
134.00;2.08;0.000000
134.00;3.12;0.001261
134.00;4.17;0.001261
134.00;5.21;0.002522
134.00;6.25;0.003782
134.00;7.29;0.006304
134.00;8.33;0.010086
134.00;9.38;0.013869
134.00;10.42;0.018912
134.00;11.46;0.023955
134.00;12.50;0.026477
134.00;13.54;0.030259
134.00;14.58;0.034041
134.00;15.63;0.039085
134.00;16.67;0.047910
134.00;17.71;0.059257
134.00;18.75;0.068083
134.00;19.79;0.071865
134.00;20.83;0.075648
134.00;21.88;0.080691
134.00;22.92;0.086995
134.00;23.96;0.090777
134.00;25.00;0.086995
136.00;0.00;0.000000
136.00;1.04;0.000000
136.00;2.08;0.000000
136.00;3.12;0.001261
136.00;4.17;0.001261
136.00;5.21;0.002522
136.00;6.25;0.003782
136.00;7.29;0.007565
136.00;8.33;0.011347
136.00;9.38;0.016390
136.00;10.42;0.021434
136.00;11.46;0.025216
136.00;12.50;0.028998
136.00;13.54;0.030259
136.00;14.58;0.034041
136.00;15.63;0.039085
136.00;16.67;0.047910
136.00;17.71;0.059257
136.00;18.75;0.068083
136.00;19.79;0.073126
136.00;20.83;0.076909
136.00;21.88;0.083213
136.00;22.92;0.088256
136.00;23.96;0.090777
136.00;25.00;0.086995
138.00;0.00;0.000000
138.00;1.04;0.000000
138.00;2.08;0.000000
138.00;3.12;0.001261
138.00;4.17;0.001261
138.00;5.21;0.002522
138.00;6.25;0.005043
138.00;7.29;0.008826
138.00;8.33;0.012608
138.00;9.38;0.017651
138.00;10.42;0.022694
138.00;11.46;0.026477
138.00;12.50;0.030259
138.00;13.54;0.032781
138.00;14.58;0.034041
138.00;15.63;0.039085
138.00;16.67;0.047910
138.00;17.71;0.059257
138.00;18.75;0.066822
138.00;19.79;0.071865
138.00;20.83;0.076909
138.00;21.88;0.084473
138.00;22.92;0.088256
138.00;23.96;0.089516
138.00;25.00;0.086995
140.00;0.00;0.000000
140.00;1.04;0.000000
140.00;2.08;0.000000
140.00;3.12;0.001261
140.00;4.17;0.001261
140.00;5.21;0.002522
140.00;6.25;0.005043
140.00;7.29;0.008826
140.00;8.33;0.013869
140.00;9.38;0.018912
140.00;10.42;0.023955
140.00;11.46;0.027738
140.00;12.50;0.030259
140.00;13.54;0.032781
140.00;14.58;0.035302
140.00;15.63;0.041606
140.00;16.67;0.049171
140.00;17.71;0.057997
140.00;18.75;0.068083
140.00;19.79;0.071865
140.00;20.83;0.078169
140.00;21.88;0.083213
140.00;22.92;0.089516
140.00;23.96;0.088256
140.00;25.00;0.084473
142.00;0.00;0.000000
142.00;1.04;0.000000
142.00;2.08;0.000000
142.00;3.12;0.001261
142.00;4.17;0.001261
142.00;5.21;0.003782
142.00;6.25;0.006304
142.00;7.29;0.010086
142.00;8.33;0.015130
142.00;9.38;0.020173
142.00;10.42;0.025216
142.00;11.46;0.027738
142.00;12.50;0.031520
142.00;13.54;0.032781
142.00;14.58;0.037824
142.00;15.63;0.042867
142.00;16.67;0.050432
142.00;17.71;0.060518
142.00;18.75;0.068083
142.00;19.79;0.071865
142.00;20.83;0.079430
142.00;21.88;0.083213
142.00;22.92;0.086995
142.00;23.96;0.085734
142.00;25.00;0.084473
144.00;0.00;0.000000
144.00;1.04;0.000000
144.00;2.08;0.001261
144.00;3.12;0.001261
144.00;4.17;0.002522
144.00;5.21;0.003782
144.00;6.25;0.006304
144.00;7.29;0.011347
144.00;8.33;0.016390
144.00;9.38;0.021434
144.00;10.42;0.026477
144.00;11.46;0.030259
144.00;12.50;0.032781
144.00;13.54;0.034041
144.00;14.58;0.039085
144.00;15.63;0.046649
144.00;16.67;0.054214
144.00;17.71;0.063040
144.00;18.75;0.070605
144.00;19.79;0.074387
144.00;20.83;0.079430
144.00;21.88;0.083213
144.00;22.92;0.086995
144.00;23.96;0.084473
144.00;25.00;0.083213
146.00;0.00;0.000000
146.00;1.04;0.000000
146.00;2.08;0.001261
146.00;3.12;0.001261
146.00;4.17;0.002522
146.00;5.21;0.005043
146.00;6.25;0.007565
146.00;7.29;0.012608
146.00;8.33;0.017651
146.00;9.38;0.022694
146.00;10.42;0.026477
146.00;11.46;0.030259
146.00;12.50;0.032781
146.00;13.54;0.035302
146.00;14.58;0.042867
146.00;15.63;0.050432
146.00;16.67;0.059257
146.00;17.71;0.068083
146.00;18.75;0.073126
146.00;19.79;0.079430
146.00;20.83;0.080691
146.00;21.88;0.085734
146.00;22.92;0.084473
146.00;23.96;0.083213
146.00;25.00;0.083213
148.00;0.00;0.000000
148.00;1.04;0.000000
148.00;2.08;0.001261
148.00;3.12;0.001261
148.00;4.17;0.002522
148.00;5.21;0.005043
148.00;6.25;0.008826
148.00;7.29;0.012608
148.00;8.33;0.018912
148.00;9.38;0.023955
148.00;10.42;0.027738
148.00;11.46;0.030259
148.00;12.50;0.032781
148.00;13.54;0.037824
148.00;14.58;0.045389
148.00;15.63;0.056736
148.00;16.67;0.069344
148.00;17.71;0.076909
148.00;18.75;0.080691
148.00;19.79;0.084473
148.00;20.83;0.088256
148.00;21.88;0.086995
148.00;22.92;0.088256
148.00;23.96;0.084473
148.00;25.00;0.084473
150.00;0.00;0.000000
150.00;1.04;0.000000
150.00;2.08;0.001261
150.00;3.12;0.001261
150.00;4.17;0.002522
150.00;5.21;0.005043
150.00;6.25;0.008826
150.00;7.29;0.013869
150.00;8.33;0.018912
150.00;9.38;0.023955
150.00;10.42;0.027738
150.00;11.46;0.031520
150.00;12.50;0.034041
150.00;13.54;0.040345
150.00;14.58;0.047910
150.00;15.63;0.064301
150.00;16.67;0.076909
150.00;17.71;0.086995
150.00;18.75;0.092038
150.00;19.79;0.093299
150.00;20.83;0.094560
150.00;21.88;0.094560
150.00;22.92;0.090777
150.00;23.96;0.085734
150.00;25.00;0.084473
152.00;0.00;0.000000
152.00;1.04;0.000000
152.00;2.08;0.001261
152.00;3.12;0.001261
152.00;4.17;0.003782
152.00;5.21;0.005043
152.00;6.25;0.010086
152.00;7.29;0.013869
152.00;8.33;0.020173
152.00;9.38;0.025216
152.00;10.42;0.028998
152.00;11.46;0.032781
152.00;12.50;0.034041
152.00;13.54;0.040345
152.00;14.58;0.055475
152.00;15.63;0.071865
152.00;16.67;0.084473
152.00;17.71;0.094560
152.00;18.75;0.099603
152.00;19.79;0.103385
152.00;20.83;0.103385
152.00;21.88;0.099603
152.00;22.92;0.095820
152.00;23.96;0.090777
152.00;25.00;0.086995
154.00;0.00;0.000000
154.00;1.04;0.000000
154.00;2.08;0.001261
154.00;3.12;0.001261
154.00;4.17;0.003782
154.00;5.21;0.006304
154.00;6.25;0.010086
154.00;7.29;0.015130
154.00;8.33;0.020173
154.00;9.38;0.025216
154.00;10.42;0.030259
154.00;11.46;0.032781
154.00;12.50;0.036563
154.00;13.54;0.044128
154.00;14.58;0.059257
154.00;15.63;0.078169
154.00;16.67;0.093299
154.00;17.71;0.099603
154.00;18.75;0.107168
154.00;19.79;0.110950
154.00;20.83;0.112211
154.00;21.88;0.109689
154.00;22.92;0.103385
154.00;23.96;0.097081
154.00;25.00;0.092038
156.00;0.00;0.000000
156.00;1.04;0.000000
156.00;2.08;0.001261
156.00;3.12;0.002522
156.00;4.17;0.003782
156.00;5.21;0.006304
156.00;6.25;0.011347
156.00;7.29;0.016390
156.00;8.33;0.021434
156.00;9.38;0.025216
156.00;10.42;0.030259
156.00;11.46;0.032781
156.00;12.50;0.037824
156.00;13.54;0.046649
156.00;14.58;0.065561
156.00;15.63;0.084473
156.00;16.67;0.098342
156.00;17.71;0.107168
156.00;18.75;0.114732
156.00;19.79;0.121036
156.00;20.83;0.122297
156.00;21.88;0.118515
156.00;22.92;0.110950
156.00;23.96;0.103385
156.00;25.00;0.097081
158.00;0.00;0.000000
158.00;1.04;0.000000
158.00;2.08;0.001261
158.00;3.12;0.002522
158.00;4.17;0.003782
158.00;5.21;0.007565
158.00;6.25;0.011347
158.00;7.29;0.016390
158.00;8.33;0.022694
158.00;9.38;0.026477
158.00;10.42;0.030259
158.00;11.46;0.034041
158.00;12.50;0.039085
158.00;13.54;0.050432
158.00;14.58;0.070605
158.00;15.63;0.090777
158.00;16.67;0.102124
158.00;17.71;0.112211
158.00;18.75;0.119776
158.00;19.79;0.126080
158.00;20.83;0.128601
158.00;21.88;0.126080
158.00;22.92;0.121036
158.00;23.96;0.109689
158.00;25.00;0.100864
160.00;0.00;0.000000
160.00;1.04;0.000000
160.00;2.08;0.001261
160.00;3.12;0.002522
160.00;4.17;0.003782
160.00;5.21;0.007565
160.00;6.25;0.012608
160.00;7.29;0.017651
160.00;8.33;0.022694
160.00;9.38;0.027738
160.00;10.42;0.030259
160.00;11.46;0.034041
160.00;12.50;0.040345
160.00;13.54;0.054214
160.00;14.58;0.075648
160.00;15.63;0.095820
160.00;16.67;0.108428
160.00;17.71;0.118515
160.00;18.75;0.126080
160.00;19.79;0.132384
160.00;20.83;0.134905
160.00;21.88;0.131123
160.00;22.92;0.126080
160.00;23.96;0.115993
160.00;25.00;0.107168
162.00;0.00;0.000000
162.00;1.04;0.001261
162.00;2.08;0.001261
162.00;3.12;0.002522
162.00;4.17;0.005043
162.00;5.21;0.008826
162.00;6.25;0.013869
162.00;7.29;0.018912
162.00;8.33;0.023955
162.00;9.38;0.028998
162.00;10.42;0.031520
162.00;11.46;0.035302
162.00;12.50;0.044128
162.00;13.54;0.059257
162.00;14.58;0.081952
162.00;15.63;0.099603
162.00;16.67;0.113472
162.00;17.71;0.123558
162.00;18.75;0.133644
162.00;19.79;0.137427
162.00;20.83;0.138688
162.00;21.88;0.137427
162.00;22.92;0.132384
162.00;23.96;0.123558
162.00;25.00;0.114732
164.00;0.00;0.000000
164.00;1.04;0.001261
164.00;2.08;0.001261
164.00;3.12;0.002522
164.00;4.17;0.005043
164.00;5.21;0.008826
164.00;6.25;0.013869
164.00;7.29;0.018912
164.00;8.33;0.023955
164.00;9.38;0.028998
164.00;10.42;0.031520
164.00;11.46;0.036563
164.00;12.50;0.046649
164.00;13.54;0.064301
164.00;14.58;0.085734
164.00;15.63;0.107168
164.00;16.67;0.121036
164.00;17.71;0.128601
164.00;18.75;0.136166
164.00;19.79;0.141209
164.00;20.83;0.142470
164.00;21.88;0.139948
164.00;22.92;0.136166
164.00;23.96;0.129862
164.00;25.00;0.119776
166.00;0.00;0.000000
166.00;1.04;0.001261
166.00;2.08;0.001261
166.00;3.12;0.003782
166.00;4.17;0.006304
166.00;5.21;0.010086
166.00;6.25;0.015130
166.00;7.29;0.020173
166.00;8.33;0.025216
166.00;9.38;0.028998
166.00;10.42;0.034041
166.00;11.46;0.039085
166.00;12.50;0.051693
166.00;13.54;0.069344
166.00;14.58;0.092038
166.00;15.63;0.112211
166.00;16.67;0.122297
166.00;17.71;0.134905
166.00;18.75;0.141209
166.00;19.79;0.143731
166.00;20.83;0.142470
166.00;21.88;0.142470
166.00;22.92;0.138688
166.00;23.96;0.133644
166.00;25.00;0.124819
168.00;0.00;0.000000
168.00;1.04;0.001261
168.00;2.08;0.001261
168.00;3.12;0.003782
168.00;4.17;0.006304
168.00;5.21;0.010086
168.00;6.25;0.016390
168.00;7.29;0.021434
168.00;8.33;0.026477
168.00;9.38;0.030259
168.00;10.42;0.034041
168.00;11.46;0.042867
168.00;12.50;0.055475
168.00;13.54;0.075648
168.00;14.58;0.097081
168.00;15.63;0.114732
168.00;16.67;0.127340
168.00;17.71;0.138688
168.00;18.75;0.143731
168.00;19.79;0.144991
168.00;20.83;0.143731
168.00;21.88;0.143731
168.00;22.92;0.139948
168.00;23.96;0.136166
168.00;25.00;0.127340
170.00;0.00;0.000000
170.00;1.04;0.001261
170.00;2.08;0.001261
170.00;3.12;0.003782
170.00;4.17;0.006304
170.00;5.21;0.011347
170.00;6.25;0.016390
170.00;7.29;0.022694
170.00;8.33;0.026477
170.00;9.38;0.031520
170.00;10.42;0.036563
170.00;11.46;0.046649
170.00;12.50;0.061779
170.00;13.54;0.080691
170.00;14.58;0.103385
170.00;15.63;0.117254
170.00;16.67;0.131123
170.00;17.71;0.141209
170.00;18.75;0.144991
170.00;19.79;0.146252
170.00;20.83;0.144991
170.00;21.88;0.144991
170.00;22.92;0.143731
170.00;23.96;0.138688
170.00;25.00;0.129862
172.00;0.00;0.000000
172.00;1.04;0.001261
172.00;2.08;0.001261
172.00;3.12;0.003782
172.00;4.17;0.006304
172.00;5.21;0.011347
172.00;6.25;0.017651
172.00;7.29;0.022694
172.00;8.33;0.028998
172.00;9.38;0.031520
172.00;10.42;0.037824
172.00;11.46;0.050432
172.00;12.50;0.068083
172.00;13.54;0.085734
172.00;14.58;0.104646
172.00;15.63;0.123558
172.00;16.67;0.134905
172.00;17.71;0.143731
172.00;18.75;0.146252
172.00;19.79;0.147513
172.00;20.83;0.147513
172.00;21.88;0.144991
172.00;22.92;0.143731
172.00;23.96;0.139948
172.00;25.00;0.131123
174.00;0.00;0.000000
174.00;1.04;0.001261
174.00;2.08;0.002522
174.00;3.12;0.003782
174.00;4.17;0.007565
174.00;5.21;0.012608
174.00;6.25;0.017651
174.00;7.29;0.023955
174.00;8.33;0.028998
174.00;9.38;0.034041
174.00;10.42;0.041606
174.00;11.46;0.052953
174.00;12.50;0.071865
174.00;13.54;0.090777
174.00;14.58;0.109689
174.00;15.63;0.124819
174.00;16.67;0.134905
174.00;17.71;0.144991
174.00;18.75;0.147513
174.00;19.79;0.148774
174.00;20.83;0.148774
174.00;21.88;0.147513
174.00;22.92;0.143731
174.00;23.96;0.138688
174.00;25.00;0.132384
176.00;0.00;0.000000
176.00;1.04;0.001261
176.00;2.08;0.002522
176.00;3.12;0.003782
176.00;4.17;0.007565
176.00;5.21;0.012608
176.00;6.25;0.017651
176.00;7.29;0.023955
176.00;8.33;0.028998
176.00;9.38;0.035302
176.00;10.42;0.044128
176.00;11.46;0.056736
176.00;12.50;0.075648
176.00;13.54;0.095820
176.00;14.58;0.112211
176.00;15.63;0.127340
176.00;16.67;0.138688
176.00;17.71;0.146252
176.00;18.75;0.147513
176.00;19.79;0.148774
176.00;20.83;0.148774
176.00;21.88;0.148774
176.00;22.92;0.143731
176.00;23.96;0.141209
176.00;25.00;0.132384
178.00;0.00;0.000000
178.00;1.04;0.001261
178.00;2.08;0.001261
178.00;3.12;0.003782
178.00;4.17;0.007565
178.00;5.21;0.012608
178.00;6.25;0.018912
178.00;7.29;0.023955
178.00;8.33;0.030259
178.00;9.38;0.037824
178.00;10.42;0.046649
178.00;11.46;0.061779
178.00;12.50;0.078169
178.00;13.54;0.098342
178.00;14.58;0.114732
178.00;15.63;0.128601
178.00;16.67;0.138688
178.00;17.71;0.146252
178.00;18.75;0.148774
178.00;19.79;0.150035
178.00;20.83;0.150035
178.00;21.88;0.148774
178.00;22.92;0.144991
178.00;23.96;0.141209
178.00;25.00;0.131123
180.00;0.00;0.000000
180.00;1.04;0.001261
180.00;2.08;0.002522
180.00;3.12;0.003782
180.00;4.17;0.007565
180.00;5.21;0.012608
180.00;6.25;0.018912
180.00;7.29;0.025216
180.00;8.33;0.031520
180.00;9.38;0.040345
180.00;10.42;0.049171
180.00;11.46;0.063040
180.00;12.50;0.080691
180.00;13.54;0.102124
180.00;14.58;0.118515
180.00;15.63;0.129862
180.00;16.67;0.141209
180.00;17.71;0.146252
180.00;18.75;0.148774
180.00;19.79;0.151295
180.00;20.83;0.151295
180.00;21.88;0.150035
180.00;22.92;0.146252
180.00;23.96;0.138688
180.00;25.00;0.131123
182.00;0.00;0.000000
182.00;1.04;0.001261
182.00;2.08;0.002522
182.00;3.12;0.003782
182.00;4.17;0.007565
182.00;5.21;0.012608
182.00;6.25;0.018912
182.00;7.29;0.026477
182.00;8.33;0.034041
182.00;9.38;0.042867
182.00;10.42;0.054214
182.00;11.46;0.066822
182.00;12.50;0.081952
182.00;13.54;0.103385
182.00;14.58;0.119776
182.00;15.63;0.131123
182.00;16.67;0.139948
182.00;17.71;0.146252
182.00;18.75;0.150035
182.00;19.79;0.151295
182.00;20.83;0.151295
182.00;21.88;0.151295
182.00;22.92;0.147513
182.00;23.96;0.139948
182.00;25.00;0.128601
184.00;0.00;0.000000
184.00;1.04;0.001261
184.00;2.08;0.002522
184.00;3.12;0.003782
184.00;4.17;0.007565
184.00;5.21;0.012608
184.00;6.25;0.018912
184.00;7.29;0.027738
184.00;8.33;0.035302
184.00;9.38;0.045389
184.00;10.42;0.055475
184.00;11.46;0.068083
184.00;12.50;0.084473
184.00;13.54;0.104646
184.00;14.58;0.121036
184.00;15.63;0.131123
184.00;16.67;0.138688
184.00;17.71;0.147513
184.00;18.75;0.151295
184.00;19.79;0.151295
184.00;20.83;0.152556
184.00;21.88;0.151295
184.00;22.92;0.148774
184.00;23.96;0.138688
184.00;25.00;0.127340
186.00;0.00;0.000000
186.00;1.04;0.001261
186.00;2.08;0.002522
186.00;3.12;0.003782
186.00;4.17;0.007565
186.00;5.21;0.012608
186.00;6.25;0.018912
186.00;7.29;0.027738
186.00;8.33;0.035302
186.00;9.38;0.047910
186.00;10.42;0.059257
186.00;11.46;0.073126
186.00;12.50;0.086995
186.00;13.54;0.104646
186.00;14.58;0.118515
186.00;15.63;0.131123
186.00;16.67;0.138688
186.00;17.71;0.144991
186.00;18.75;0.152556
186.00;19.79;0.153817
186.00;20.83;0.155078
186.00;21.88;0.151295
186.00;22.92;0.147513
186.00;23.96;0.138688
186.00;25.00;0.126080
188.00;0.00;0.000000
188.00;1.04;0.001261
188.00;2.08;0.002522
188.00;3.12;0.003782
188.00;4.17;0.007565
188.00;5.21;0.012608
188.00;6.25;0.018912
188.00;7.29;0.027738
188.00;8.33;0.037824
188.00;9.38;0.050432
188.00;10.42;0.061779
188.00;11.46;0.073126
188.00;12.50;0.086995
188.00;13.54;0.104646
188.00;14.58;0.117254
188.00;15.63;0.128601
188.00;16.67;0.136166
188.00;17.71;0.147513
188.00;18.75;0.151295
188.00;19.79;0.153817
188.00;20.83;0.153817
188.00;21.88;0.153817
188.00;22.92;0.147513
188.00;23.96;0.136166
188.00;25.00;0.126080
190.00;0.00;0.000000
190.00;1.04;0.001261
190.00;2.08;0.002522
190.00;3.12;0.003782
190.00;4.17;0.006304
190.00;5.21;0.011347
190.00;6.25;0.017651
190.00;7.29;0.027738
190.00;8.33;0.037824
190.00;9.38;0.051693
190.00;10.42;0.061779
190.00;11.46;0.071865
190.00;12.50;0.088256
190.00;13.54;0.103385
190.00;14.58;0.113472
190.00;15.63;0.122297
190.00;16.67;0.136166
190.00;17.71;0.143731
190.00;18.75;0.150035
190.00;19.79;0.152556
190.00;20.83;0.152556
190.00;21.88;0.151295
190.00;22.92;0.146252
190.00;23.96;0.136166
190.00;25.00;0.126080
192.00;0.00;0.000000
192.00;1.04;0.001261
192.00;2.08;0.001261
192.00;3.12;0.003782
192.00;4.17;0.006304
192.00;5.21;0.011347
192.00;6.25;0.018912
192.00;7.29;0.027738
192.00;8.33;0.037824
192.00;9.38;0.051693
192.00;10.42;0.063040
192.00;11.46;0.073126
192.00;12.50;0.089516
192.00;13.54;0.100864
192.00;14.58;0.109689
192.00;15.63;0.121036
192.00;16.67;0.132384
192.00;17.71;0.142470
192.00;18.75;0.150035
192.00;19.79;0.152556
192.00;20.83;0.151295
192.00;21.88;0.150035
192.00;22.92;0.144991
192.00;23.96;0.134905
192.00;25.00;0.123558
194.00;0.00;0.000000
194.00;1.04;0.001261
194.00;2.08;0.001261
194.00;3.12;0.003782
194.00;4.17;0.006304
194.00;5.21;0.011347
194.00;6.25;0.016390
194.00;7.29;0.026477
194.00;8.33;0.036563
194.00;9.38;0.050432
194.00;10.42;0.063040
194.00;11.46;0.071865
194.00;12.50;0.086995
194.00;13.54;0.098342
194.00;14.58;0.105907
194.00;15.63;0.117254
194.00;16.67;0.128601
194.00;17.71;0.137427
194.00;18.75;0.147513
194.00;19.79;0.148774
194.00;20.83;0.150035
194.00;21.88;0.146252
194.00;22.92;0.142470
194.00;23.96;0.133644
194.00;25.00;0.123558
196.00;0.00;0.000000
196.00;1.04;0.001261
196.00;2.08;0.001261
196.00;3.12;0.002522
196.00;4.17;0.006304
196.00;5.21;0.010086
196.00;6.25;0.015130
196.00;7.29;0.023955
196.00;8.33;0.035302
196.00;9.38;0.049171
196.00;10.42;0.060518
196.00;11.46;0.071865
196.00;12.50;0.084473
196.00;13.54;0.097081
196.00;14.58;0.103385
196.00;15.63;0.110950
196.00;16.67;0.123558
196.00;17.71;0.134905
196.00;18.75;0.143731
196.00;19.79;0.144991
196.00;20.83;0.144991
196.00;21.88;0.144991
196.00;22.92;0.139948
196.00;23.96;0.132384
196.00;25.00;0.122297
198.00;0.00;0.000000
198.00;1.04;0.001261
198.00;2.08;0.001261
198.00;3.12;0.002522
198.00;4.17;0.005043
198.00;5.21;0.008826
198.00;6.25;0.013869
198.00;7.29;0.021434
198.00;8.33;0.032781
198.00;9.38;0.045389
198.00;10.42;0.056736
198.00;11.46;0.069344
198.00;12.50;0.080691
198.00;13.54;0.093299
198.00;14.58;0.099603
198.00;15.63;0.109689
198.00;16.67;0.118515
198.00;17.71;0.133644
198.00;18.75;0.139948
198.00;19.79;0.143731
198.00;20.83;0.144991
198.00;21.88;0.139948
198.00;22.92;0.138688
198.00;23.96;0.129862
198.00;25.00;0.121036
200.00;0.00;0.000000
200.00;1.04;0.001261
200.00;2.08;0.001261
200.00;3.12;0.002522
200.00;4.17;0.005043
200.00;5.21;0.007565
200.00;6.25;0.013869
200.00;7.29;0.020173
200.00;8.33;0.028998
200.00;9.38;0.040345
200.00;10.42;0.052953
200.00;11.46;0.064301
200.00;12.50;0.076909
200.00;13.54;0.088256
200.00;14.58;0.097081
200.00;15.63;0.107168
200.00;16.67;0.117254
200.00;17.71;0.127340
200.00;18.75;0.136166
200.00;19.79;0.138688
200.00;20.83;0.139948
200.00;21.88;0.138688
200.00;22.92;0.134905
200.00;23.96;0.128601
200.00;25.00;0.119776
202.00;0.00;0.000000
202.00;1.04;0.000000
202.00;2.08;0.001261
202.00;3.12;0.002522
202.00;4.17;0.003782
202.00;5.21;0.007565
202.00;6.25;0.011347
202.00;7.29;0.018912
202.00;8.33;0.026477
202.00;9.38;0.036563
202.00;10.42;0.046649
202.00;11.46;0.060518
202.00;12.50;0.073126
202.00;13.54;0.081952
202.00;14.58;0.092038
202.00;15.63;0.102124
202.00;16.67;0.110950
202.00;17.71;0.123558
202.00;18.75;0.132384
202.00;19.79;0.137427
202.00;20.83;0.137427
202.00;21.88;0.137427
202.00;22.92;0.133644
202.00;23.96;0.124819
202.00;25.00;0.117254
204.00;0.00;0.000000
204.00;1.04;0.000000
204.00;2.08;0.001261
204.00;3.12;0.001261
204.00;4.17;0.003782
204.00;5.21;0.006304
204.00;6.25;0.011347
204.00;7.29;0.016390
204.00;8.33;0.023955
204.00;9.38;0.031520
204.00;10.42;0.042867
204.00;11.46;0.052953
204.00;12.50;0.064301
204.00;13.54;0.074387
204.00;14.58;0.084473
204.00;15.63;0.095820
204.00;16.67;0.105907
204.00;17.71;0.117254
204.00;18.75;0.127340
204.00;19.79;0.132384
204.00;20.83;0.133644
204.00;21.88;0.134905
204.00;22.92;0.131123
204.00;23.96;0.122297
204.00;25.00;0.113472
206.00;0.00;0.000000
206.00;1.04;0.000000
206.00;2.08;0.001261
206.00;3.12;0.001261
206.00;4.17;0.002522
206.00;5.21;0.005043
206.00;6.25;0.008826
206.00;7.29;0.015130
206.00;8.33;0.021434
206.00;9.38;0.028998
206.00;10.42;0.035302
206.00;11.46;0.046649
206.00;12.50;0.055475
206.00;13.54;0.066822
206.00;14.58;0.076909
206.00;15.63;0.085734
206.00;16.67;0.098342
206.00;17.71;0.110950
206.00;18.75;0.121036
206.00;19.79;0.127340
206.00;20.83;0.129862
206.00;21.88;0.129862
206.00;22.92;0.126080
206.00;23.96;0.118515
206.00;25.00;0.108428
208.00;0.00;0.000000
208.00;1.04;0.000000
208.00;2.08;0.001261
208.00;3.12;0.001261
208.00;4.17;0.002522
208.00;5.21;0.005043
208.00;6.25;0.008826
208.00;7.29;0.013869
208.00;8.33;0.018912
208.00;9.38;0.025216
208.00;10.42;0.034041
208.00;11.46;0.039085
208.00;12.50;0.046649
208.00;13.54;0.055475
208.00;14.58;0.068083
208.00;15.63;0.075648
208.00;16.67;0.086995
208.00;17.71;0.100864
208.00;18.75;0.112211
208.00;19.79;0.119776
208.00;20.83;0.122297
208.00;21.88;0.124819
208.00;22.92;0.119776
208.00;23.96;0.112211
208.00;25.00;0.102124
210.00;0.00;0.000000
210.00;1.04;0.000000
210.00;2.08;0.000000
210.00;3.12;0.001261
210.00;4.17;0.002522
210.00;5.21;0.003782
210.00;6.25;0.007565
210.00;7.29;0.011347
210.00;8.33;0.017651
210.00;9.38;0.023955
210.00;10.42;0.028998
210.00;11.46;0.035302
210.00;12.50;0.041606
210.00;13.54;0.047910
210.00;14.58;0.055475
210.00;15.63;0.066822
210.00;16.67;0.076909
210.00;17.71;0.088256
210.00;18.75;0.102124
210.00;19.79;0.109689
210.00;20.83;0.115993
210.00;21.88;0.117254
210.00;22.92;0.113472
210.00;23.96;0.104646
210.00;25.00;0.095820
212.00;0.00;0.000000
212.00;1.04;0.000000
212.00;2.08;0.000000
212.00;3.12;0.001261
212.00;4.17;0.001261
212.00;5.21;0.003782
212.00;6.25;0.006304
212.00;7.29;0.010086
212.00;8.33;0.015130
212.00;9.38;0.020173
212.00;10.42;0.026477
212.00;11.46;0.031520
212.00;12.50;0.037824
212.00;13.54;0.041606
212.00;14.58;0.049171
212.00;15.63;0.056736
212.00;16.67;0.066822
212.00;17.71;0.078169
212.00;18.75;0.088256
212.00;19.79;0.097081
212.00;20.83;0.104646
212.00;21.88;0.105907
212.00;22.92;0.102124
212.00;23.96;0.097081
212.00;25.00;0.089516
214.00;0.00;0.000000
214.00;1.04;0.000000
214.00;2.08;0.000000
214.00;3.12;0.001261
214.00;4.17;0.001261
214.00;5.21;0.002522
214.00;6.25;0.005043
214.00;7.29;0.008826
214.00;8.33;0.013869
214.00;9.38;0.018912
214.00;10.42;0.023955
214.00;11.46;0.028998
214.00;12.50;0.031520
214.00;13.54;0.036563
214.00;14.58;0.041606
214.00;15.63;0.050432
214.00;16.67;0.056736
214.00;17.71;0.066822
214.00;18.75;0.076909
214.00;19.79;0.084473
214.00;20.83;0.089516
214.00;21.88;0.094560
214.00;22.92;0.093299
214.00;23.96;0.089516
214.00;25.00;0.083213
216.00;0.00;0.000000
216.00;1.04;0.000000
216.00;2.08;0.000000
216.00;3.12;0.000000
216.00;4.17;0.001261
216.00;5.21;0.002522
216.00;6.25;0.003782
216.00;7.29;0.007565
216.00;8.33;0.012608
216.00;9.38;0.017651
216.00;10.42;0.022694
216.00;11.46;0.026477
216.00;12.50;0.030259
216.00;13.54;0.034041
216.00;14.58;0.036563
216.00;15.63;0.041606
216.00;16.67;0.047910
216.00;17.71;0.056736
216.00;18.75;0.065561
216.00;19.79;0.070605
216.00;20.83;0.078169
216.00;21.88;0.083213
216.00;22.92;0.083213
216.00;23.96;0.079430
216.00;25.00;0.075648
218.00;0.00;0.000000
218.00;1.04;0.000000
218.00;2.08;0.000000
218.00;3.12;0.000000
218.00;4.17;0.001261
218.00;5.21;0.002522
218.00;6.25;0.003782
218.00;7.29;0.006304
218.00;8.33;0.011347
218.00;9.38;0.015130
218.00;10.42;0.021434
218.00;11.46;0.025216
218.00;12.50;0.030259
218.00;13.54;0.032781
218.00;14.58;0.035302
218.00;15.63;0.037824
218.00;16.67;0.044128
218.00;17.71;0.049171
218.00;18.75;0.054214
218.00;19.79;0.060518
218.00;20.83;0.064301
218.00;21.88;0.070605
218.00;22.92;0.071865
218.00;23.96;0.074387
218.00;25.00;0.070605
220.00;0.00;0.000000
220.00;1.04;0.000000
220.00;2.08;0.000000
220.00;3.12;0.000000
220.00;4.17;0.001261
220.00;5.21;0.001261
220.00;6.25;0.003782
220.00;7.29;0.006304
220.00;8.33;0.010086
220.00;9.38;0.013869
220.00;10.42;0.018912
220.00;11.46;0.023955
220.00;12.50;0.028998
220.00;13.54;0.030259
220.00;14.58;0.032781
220.00;15.63;0.036563
220.00;16.67;0.039085
220.00;17.71;0.045389
220.00;18.75;0.047910
220.00;19.79;0.051693
220.00;20.83;0.055475
220.00;21.88;0.059257
220.00;22.92;0.065561
220.00;23.96;0.066822
220.00;25.00;0.065561
222.00;0.00;0.000000
222.00;1.04;0.000000
222.00;2.08;0.000000
222.00;3.12;0.000000
222.00;4.17;0.001261
222.00;5.21;0.001261
222.00;6.25;0.002522
222.00;7.29;0.005043
222.00;8.33;0.007565
222.00;9.38;0.012608
222.00;10.42;0.017651
222.00;11.46;0.022694
222.00;12.50;0.026477
222.00;13.54;0.030259
222.00;14.58;0.032781
222.00;15.63;0.034041
222.00;16.67;0.037824
222.00;17.71;0.039085
222.00;18.75;0.044128
222.00;19.79;0.046649
222.00;20.83;0.047910
222.00;21.88;0.051693
222.00;22.92;0.055475
222.00;23.96;0.059257
222.00;25.00;0.061779
224.00;0.00;0.000000
224.00;1.04;0.000000
224.00;2.08;0.000000
224.00;3.12;0.000000
224.00;4.17;0.000000
224.00;5.21;0.001261
224.00;6.25;0.002522
224.00;7.29;0.003782
224.00;8.33;0.007565
224.00;9.38;0.011347
224.00;10.42;0.016390
224.00;11.46;0.021434
224.00;12.50;0.025216
224.00;13.54;0.028998
224.00;14.58;0.031520
224.00;15.63;0.032781
224.00;16.67;0.035302
224.00;17.71;0.037824
224.00;18.75;0.039085
224.00;19.79;0.041606
224.00;20.83;0.045389
224.00;21.88;0.045389
224.00;22.92;0.049171
224.00;23.96;0.052953
224.00;25.00;0.054214
226.00;0.00;0.000000
226.00;1.04;0.000000
226.00;2.08;0.000000
226.00;3.12;0.000000
226.00;4.17;0.000000
226.00;5.21;0.001261
226.00;6.25;0.001261
226.00;7.29;0.003782
226.00;8.33;0.006304
226.00;9.38;0.010086
226.00;10.42;0.013869
226.00;11.46;0.018912
226.00;12.50;0.023955
226.00;13.54;0.026477
226.00;14.58;0.030259
226.00;15.63;0.032781
226.00;16.67;0.032781
226.00;17.71;0.035302
226.00;18.75;0.036563
226.00;19.79;0.037824
226.00;20.83;0.040345
226.00;21.88;0.041606
226.00;22.92;0.044128
226.00;23.96;0.046649
226.00;25.00;0.049171
228.00;0.00;0.000000
228.00;1.04;0.000000
228.00;2.08;0.000000
228.00;3.12;0.000000
228.00;4.17;0.000000
228.00;5.21;0.001261
228.00;6.25;0.001261
228.00;7.29;0.002522
228.00;8.33;0.005043
228.00;9.38;0.008826
228.00;10.42;0.012608
228.00;11.46;0.017651
228.00;12.50;0.022694
228.00;13.54;0.025216
228.00;14.58;0.028998
228.00;15.63;0.030259
228.00;16.67;0.032781
228.00;17.71;0.034041
228.00;18.75;0.035302
228.00;19.79;0.036563
228.00;20.83;0.036563
228.00;21.88;0.039085
228.00;22.92;0.040345
228.00;23.96;0.041606
228.00;25.00;0.044128
230.00;0.00;0.000000
230.00;1.04;0.000000
230.00;2.08;0.000000
230.00;3.12;0.000000
230.00;4.17;0.000000
230.00;5.21;0.000000
230.00;6.25;0.001261
230.00;7.29;0.002522
230.00;8.33;0.003782
230.00;9.38;0.007565
230.00;10.42;0.011347
230.00;11.46;0.015130
230.00;12.50;0.020173
230.00;13.54;0.023955
230.00;14.58;0.027738
230.00;15.63;0.028998
230.00;16.67;0.031520
230.00;17.71;0.031520
230.00;18.75;0.032781
230.00;19.79;0.034041
230.00;20.83;0.035302
230.00;21.88;0.035302
230.00;22.92;0.037824
230.00;23.96;0.040345
230.00;25.00;0.040345
232.00;0.00;0.000000
232.00;1.04;0.000000
232.00;2.08;0.000000
232.00;3.12;0.000000
232.00;4.17;0.000000
232.00;5.21;0.000000
232.00;6.25;0.001261
232.00;7.29;0.001261
232.00;8.33;0.003782
232.00;9.38;0.006304
232.00;10.42;0.008826
232.00;11.46;0.013869
232.00;12.50;0.017651
232.00;13.54;0.021434
232.00;14.58;0.025216
232.00;15.63;0.027738
232.00;16.67;0.028998
232.00;17.71;0.030259
232.00;18.75;0.031520
232.00;19.79;0.032781
232.00;20.83;0.032781
232.00;21.88;0.034041
232.00;22.92;0.035302
232.00;23.96;0.037824
232.00;25.00;0.039085
234.00;0.00;0.000000
234.00;1.04;0.000000
234.00;2.08;0.000000
234.00;3.12;0.000000
234.00;4.17;0.000000
234.00;5.21;0.000000
234.00;6.25;0.001261
234.00;7.29;0.001261
234.00;8.33;0.002522
234.00;9.38;0.005043
234.00;10.42;0.007565
234.00;11.46;0.011347
234.00;12.50;0.016390
234.00;13.54;0.018912
234.00;14.58;0.022694
234.00;15.63;0.026477
234.00;16.67;0.027738
234.00;17.71;0.027738
234.00;18.75;0.030259
234.00;19.79;0.030259
234.00;20.83;0.031520
234.00;21.88;0.031520
234.00;22.92;0.035302
234.00;23.96;0.037824
234.00;25.00;0.041606
236.00;0.00;0.000000
236.00;1.04;0.000000
236.00;2.08;0.000000
236.00;3.12;0.000000
236.00;4.17;0.000000
236.00;5.21;0.000000
236.00;6.25;0.001261
236.00;7.29;0.001261
236.00;8.33;0.002522
236.00;9.38;0.003782
236.00;10.42;0.006304
236.00;11.46;0.010086
236.00;12.50;0.013869
236.00;13.54;0.017651
236.00;14.58;0.020173
236.00;15.63;0.022694
236.00;16.67;0.025216
236.00;17.71;0.026477
236.00;18.75;0.026477
236.00;19.79;0.028998
236.00;20.83;0.030259
236.00;21.88;0.032781
236.00;22.92;0.035302
236.00;23.96;0.040345
236.00;25.00;0.045389
238.00;0.00;0.000000
238.00;1.04;0.000000
238.00;2.08;0.000000
238.00;3.12;0.000000
238.00;4.17;0.000000
238.00;5.21;0.000000
238.00;6.25;0.001261
238.00;7.29;0.001261
238.00;8.33;0.001261
238.00;9.38;0.003782
238.00;10.42;0.005043
238.00;11.46;0.007565
238.00;12.50;0.011347
238.00;13.54;0.013869
238.00;14.58;0.017651
238.00;15.63;0.020173
238.00;16.67;0.021434
238.00;17.71;0.023955
238.00;18.75;0.025216
238.00;19.79;0.026477
238.00;20.83;0.027738
238.00;21.88;0.030259
238.00;22.92;0.035302
238.00;23.96;0.042867
238.00;25.00;0.049171
240.00;0.00;0.000000
240.00;1.04;0.000000
240.00;2.08;0.000000
240.00;3.12;0.000000
240.00;4.17;0.000000
240.00;5.21;0.000000
240.00;6.25;0.000000
240.00;7.29;0.001261
240.00;8.33;0.001261
240.00;9.38;0.002522
240.00;10.42;0.005043
240.00;11.46;0.006304
240.00;12.50;0.008826
240.00;13.54;0.011347
240.00;14.58;0.015130
240.00;15.63;0.017651
240.00;16.67;0.018912
240.00;17.71;0.021434
240.00;18.75;0.022694
240.00;19.79;0.025216
240.00;20.83;0.027738
240.00;21.88;0.031520
240.00;22.92;0.036563
240.00;23.96;0.045389
240.00;25.00;0.051693
242.00;0.00;0.000000
242.00;1.04;0.000000
242.00;2.08;0.000000
242.00;3.12;0.000000
242.00;4.17;0.000000
242.00;5.21;0.000000
242.00;6.25;0.000000
242.00;7.29;0.001261
242.00;8.33;0.001261
242.00;9.38;0.002522
242.00;10.42;0.003782
242.00;11.46;0.005043
242.00;12.50;0.007565
242.00;13.54;0.010086
242.00;14.58;0.012608
242.00;15.63;0.013869
242.00;16.67;0.016390
242.00;17.71;0.018912
242.00;18.75;0.020173
242.00;19.79;0.022694
242.00;20.83;0.026477
242.00;21.88;0.031520
242.00;22.92;0.039085
242.00;23.96;0.046649
242.00;25.00;0.052953
244.00;0.00;0.000000
244.00;1.04;0.000000
244.00;2.08;0.000000
244.00;3.12;0.000000
244.00;4.17;0.000000
244.00;5.21;0.000000
244.00;6.25;0.000000
244.00;7.29;0.000000
244.00;8.33;0.001261
244.00;9.38;0.001261
244.00;10.42;0.002522
244.00;11.46;0.003782
244.00;12.50;0.006304
244.00;13.54;0.007565
244.00;14.58;0.010086
244.00;15.63;0.012608
244.00;16.67;0.013869
244.00;17.71;0.016390
244.00;18.75;0.018912
244.00;19.79;0.021434
244.00;20.83;0.023955
244.00;21.88;0.031520
244.00;22.92;0.039085
244.00;23.96;0.049171
244.00;25.00;0.054214
246.00;0.00;0.000000
246.00;1.04;0.000000
246.00;2.08;0.000000
246.00;3.12;0.000000
246.00;4.17;0.000000
246.00;5.21;0.000000
246.00;6.25;0.000000
246.00;7.29;0.000000
246.00;8.33;0.001261
246.00;9.38;0.001261
246.00;10.42;0.002522
246.00;11.46;0.003782
246.00;12.50;0.005043
246.00;13.54;0.006304
246.00;14.58;0.007565
246.00;15.63;0.010086
246.00;16.67;0.011347
246.00;17.71;0.013869
246.00;18.75;0.017651
246.00;19.79;0.020173
246.00;20.83;0.025216
246.00;21.88;0.030259
246.00;22.92;0.040345
246.00;23.96;0.050432
246.00;25.00;0.054214
248.00;0.00;0.000000
248.00;1.04;0.000000
248.00;2.08;0.000000
248.00;3.12;0.000000
248.00;4.17;0.000000
248.00;5.21;0.000000
248.00;6.25;0.000000
248.00;7.29;0.000000
248.00;8.33;0.001261
248.00;9.38;0.001261
248.00;10.42;0.001261
248.00;11.46;0.002522
248.00;12.50;0.003782
248.00;13.54;0.005043
248.00;14.58;0.006304
248.00;15.63;0.007565
248.00;16.67;0.010086
248.00;17.71;0.012608
248.00;18.75;0.015130
248.00;19.79;0.018912
248.00;20.83;0.025216
248.00;21.88;0.030259
248.00;22.92;0.041606
248.00;23.96;0.051693
248.00;25.00;0.054214
250.00;0.00;0.000000
250.00;1.04;0.000000
250.00;2.08;0.000000
250.00;3.12;0.000000
250.00;4.17;0.000000
250.00;5.21;0.000000
250.00;6.25;0.000000
250.00;7.29;0.000000
250.00;8.33;0.000000
250.00;9.38;0.001261
250.00;10.42;0.001261
250.00;11.46;0.002522
250.00;12.50;0.002522
250.00;13.54;0.003782
250.00;14.58;0.005043
250.00;15.63;0.006304
250.00;16.67;0.008826
250.00;17.71;0.011347
250.00;18.75;0.015130
250.00;19.79;0.018912
250.00;20.83;0.023955
250.00;21.88;0.031520
250.00;22.92;0.042867
250.00;23.96;0.051693
250.00;25.00;0.055475
252.00;0.00;0.000000
252.00;1.04;0.000000
252.00;2.08;0.000000
252.00;3.12;0.000000
252.00;4.17;0.000000
252.00;5.21;0.000000
252.00;6.25;0.000000
252.00;7.29;0.000000
252.00;8.33;0.000000
252.00;9.38;0.001261
252.00;10.42;0.001261
252.00;11.46;0.001261
252.00;12.50;0.001261
252.00;13.54;0.002522
252.00;14.58;0.003782
252.00;15.63;0.005043
252.00;16.67;0.007565
252.00;17.71;0.010086
252.00;18.75;0.013869
252.00;19.79;0.017651
252.00;20.83;0.023955
252.00;21.88;0.032781
252.00;22.92;0.042867
252.00;23.96;0.052953
252.00;25.00;0.055475
254.00;0.00;0.000000
254.00;1.04;0.000000
254.00;2.08;0.000000
254.00;3.12;0.000000
254.00;4.17;0.000000
254.00;5.21;0.000000
254.00;6.25;0.000000
254.00;7.29;0.000000
254.00;8.33;0.000000
254.00;9.38;0.000000
254.00;10.42;0.001261
254.00;11.46;0.001261
254.00;12.50;0.001261
254.00;13.54;0.002522
254.00;14.58;0.002522
254.00;15.63;0.003782
254.00;16.67;0.006304
254.00;17.71;0.008826
254.00;18.75;0.012608
254.00;19.79;0.017651
254.00;20.83;0.023955
254.00;21.88;0.032781
254.00;22.92;0.044128
254.00;23.96;0.052953
254.00;25.00;0.055475
256.00;0.00;0.000000
256.00;1.04;0.000000
256.00;2.08;0.000000
256.00;3.12;0.000000
256.00;4.17;0.000000
256.00;5.21;0.000000
256.00;6.25;0.000000
256.00;7.29;0.000000
256.00;8.33;0.000000
256.00;9.38;0.000000
256.00;10.42;0.000000
256.00;11.46;0.001261
256.00;12.50;0.001261
256.00;13.54;0.001261
256.00;14.58;0.002522
256.00;15.63;0.003782
256.00;16.67;0.005043
256.00;17.71;0.008826
256.00;18.75;0.012608
256.00;19.79;0.016390
256.00;20.83;0.022694
256.00;21.88;0.032781
256.00;22.92;0.044128
256.00;23.96;0.054214
256.00;25.00;0.057997
258.00;0.00;0.000000
258.00;1.04;0.000000
258.00;2.08;0.000000
258.00;3.12;0.000000
258.00;4.17;0.000000
258.00;5.21;0.000000
258.00;6.25;0.000000
258.00;7.29;0.000000
258.00;8.33;0.000000
258.00;9.38;0.000000
258.00;10.42;0.000000
258.00;11.46;0.001261
258.00;12.50;0.001261
258.00;13.54;0.001261
258.00;14.58;0.001261
258.00;15.63;0.002522
258.00;16.67;0.005043
258.00;17.71;0.007565
258.00;18.75;0.011347
258.00;19.79;0.016390
258.00;20.83;0.022694
258.00;21.88;0.032781
258.00;22.92;0.044128
258.00;23.96;0.055475
258.00;25.00;0.059257
260.00;0.00;0.000000
260.00;1.04;0.000000
260.00;2.08;0.000000
260.00;3.12;0.000000
260.00;4.17;0.000000
260.00;5.21;0.000000
260.00;6.25;0.000000
260.00;7.29;0.000000
260.00;8.33;0.000000
260.00;9.38;0.000000
260.00;10.42;0.000000
260.00;11.46;0.000000
260.00;12.50;0.000000
260.00;13.54;0.001261
260.00;14.58;0.001261
260.00;15.63;0.002522
260.00;16.67;0.003782
260.00;17.71;0.007565
260.00;18.75;0.011347
260.00;19.79;0.016390
260.00;20.83;0.022694
260.00;21.88;0.031520
260.00;22.92;0.045389
260.00;23.96;0.056736
260.00;25.00;0.063040
262.00;0.00;0.000000
262.00;1.04;0.000000
262.00;2.08;0.000000
262.00;3.12;0.000000
262.00;4.17;0.000000
262.00;5.21;0.000000
262.00;6.25;0.000000
262.00;7.29;0.000000
262.00;8.33;0.000000
262.00;9.38;0.000000
262.00;10.42;0.000000
262.00;11.46;0.000000
262.00;12.50;0.000000
262.00;13.54;0.001261
262.00;14.58;0.001261
262.00;15.63;0.002522
262.00;16.67;0.003782
262.00;17.71;0.007565
262.00;18.75;0.011347
262.00;19.79;0.016390
262.00;20.83;0.022694
262.00;21.88;0.031520
262.00;22.92;0.046649
262.00;23.96;0.059257
262.00;25.00;0.066822
264.00;0.00;0.000000
264.00;1.04;0.000000
264.00;2.08;0.000000
264.00;3.12;0.000000
264.00;4.17;0.000000
264.00;5.21;0.000000
264.00;6.25;0.000000
264.00;7.29;0.000000
264.00;8.33;0.000000
264.00;9.38;0.000000
264.00;10.42;0.000000
264.00;11.46;0.000000
264.00;12.50;0.000000
264.00;13.54;0.001261
264.00;14.58;0.001261
264.00;15.63;0.002522
264.00;16.67;0.003782
264.00;17.71;0.006304
264.00;18.75;0.011347
264.00;19.79;0.016390
264.00;20.83;0.022694
264.00;21.88;0.031520
264.00;22.92;0.046649
264.00;23.96;0.063040
264.00;25.00;0.071865
266.00;0.00;0.000000
266.00;1.04;0.000000
266.00;2.08;0.000000
266.00;3.12;0.000000
266.00;4.17;0.000000
266.00;5.21;0.000000
266.00;6.25;0.000000
266.00;7.29;0.000000
266.00;8.33;0.000000
266.00;9.38;0.000000
266.00;10.42;0.000000
266.00;11.46;0.000000
266.00;12.50;0.000000
266.00;13.54;0.001261
266.00;14.58;0.001261
266.00;15.63;0.002522
266.00;16.67;0.003782
266.00;17.71;0.006304
266.00;18.75;0.011347
266.00;19.79;0.015130
266.00;20.83;0.022694
266.00;21.88;0.031520
266.00;22.92;0.046649
266.00;23.96;0.064301
266.00;25.00;0.075648
268.00;0.00;0.000000
268.00;1.04;0.000000
268.00;2.08;0.000000
268.00;3.12;0.000000
268.00;4.17;0.000000
268.00;5.21;0.000000
268.00;6.25;0.000000
268.00;7.29;0.000000
268.00;8.33;0.000000
268.00;9.38;0.000000
268.00;10.42;0.000000
268.00;11.46;0.000000
268.00;12.50;0.000000
268.00;13.54;0.000000
268.00;14.58;0.001261
268.00;15.63;0.001261
268.00;16.67;0.003782
268.00;17.71;0.006304
268.00;18.75;0.010086
268.00;19.79;0.015130
268.00;20.83;0.021434
268.00;21.88;0.030259
268.00;22.92;0.046649
268.00;23.96;0.065561
268.00;25.00;0.079430
270.00;0.00;0.000000
270.00;1.04;0.000000
270.00;2.08;0.000000
270.00;3.12;0.000000
270.00;4.17;0.000000
270.00;5.21;0.000000
270.00;6.25;0.000000
270.00;7.29;0.000000
270.00;8.33;0.000000
270.00;9.38;0.000000
270.00;10.42;0.000000
270.00;11.46;0.000000
270.00;12.50;0.000000
270.00;13.54;0.000000
270.00;14.58;0.001261
270.00;15.63;0.001261
270.00;16.67;0.003782
270.00;17.71;0.006304
270.00;18.75;0.010086
270.00;19.79;0.015130
270.00;20.83;0.021434
270.00;21.88;0.030259
270.00;22.92;0.045389
270.00;23.96;0.065561
270.00;25.00;0.081952
272.00;0.00;0.000000
272.00;1.04;0.000000
272.00;2.08;0.000000
272.00;3.12;0.000000
272.00;4.17;0.000000
272.00;5.21;0.000000
272.00;6.25;0.000000
272.00;7.29;0.000000
272.00;8.33;0.000000
272.00;9.38;0.000000
272.00;10.42;0.000000
272.00;11.46;0.000000
272.00;12.50;0.000000
272.00;13.54;0.000000
272.00;14.58;0.001261
272.00;15.63;0.001261
272.00;16.67;0.003782
272.00;17.71;0.006304
272.00;18.75;0.010086
272.00;19.79;0.015130
272.00;20.83;0.020173
272.00;21.88;0.028998
272.00;22.92;0.044128
272.00;23.96;0.063040
272.00;25.00;0.080691
274.00;0.00;0.000000
274.00;1.04;0.000000
274.00;2.08;0.000000
274.00;3.12;0.000000
274.00;4.17;0.000000
274.00;5.21;0.000000
274.00;6.25;0.000000
274.00;7.29;0.000000
274.00;8.33;0.000000
274.00;9.38;0.000000
274.00;10.42;0.000000
274.00;11.46;0.000000
274.00;12.50;0.000000
274.00;13.54;0.000000
274.00;14.58;0.001261
274.00;15.63;0.001261
274.00;16.67;0.002522
274.00;17.71;0.005043
274.00;18.75;0.010086
274.00;19.79;0.015130
274.00;20.83;0.020173
274.00;21.88;0.027738
274.00;22.92;0.042867
274.00;23.96;0.060518
274.00;25.00;0.078169
276.00;0.00;0.000000
276.00;1.04;0.000000
276.00;2.08;0.000000
276.00;3.12;0.000000
276.00;4.17;0.000000
276.00;5.21;0.000000
276.00;6.25;0.000000
276.00;7.29;0.000000
276.00;8.33;0.000000
276.00;9.38;0.000000
276.00;10.42;0.000000
276.00;11.46;0.000000
276.00;12.50;0.000000
276.00;13.54;0.000000
276.00;14.58;0.001261
276.00;15.63;0.001261
276.00;16.67;0.002522
276.00;17.71;0.005043
276.00;18.75;0.008826
276.00;19.79;0.013869
276.00;20.83;0.018912
276.00;21.88;0.026477
276.00;22.92;0.039085
276.00;23.96;0.056736
276.00;25.00;0.073126
278.00;0.00;0.000000
278.00;1.04;0.000000
278.00;2.08;0.000000
278.00;3.12;0.000000
278.00;4.17;0.000000
278.00;5.21;0.000000
278.00;6.25;0.000000
278.00;7.29;0.000000
278.00;8.33;0.000000
278.00;9.38;0.000000
278.00;10.42;0.000000
278.00;11.46;0.000000
278.00;12.50;0.000000
278.00;13.54;0.000000
278.00;14.58;0.001261
278.00;15.63;0.001261
278.00;16.67;0.002522
278.00;17.71;0.005043
278.00;18.75;0.008826
278.00;19.79;0.013869
278.00;20.83;0.018912
278.00;21.88;0.025216
278.00;22.92;0.037824
278.00;23.96;0.051693
278.00;25.00;0.066822
280.00;0.00;0.000000
280.00;1.04;0.000000
280.00;2.08;0.000000
280.00;3.12;0.000000
280.00;4.17;0.000000
280.00;5.21;0.000000
280.00;6.25;0.000000
280.00;7.29;0.000000
280.00;8.33;0.000000
280.00;9.38;0.000000
280.00;10.42;0.000000
280.00;11.46;0.000000
280.00;12.50;0.000000
280.00;13.54;0.000000
280.00;14.58;0.001261
280.00;15.63;0.001261
280.00;16.67;0.002522
280.00;17.71;0.005043
280.00;18.75;0.008826
280.00;19.79;0.013869
280.00;20.83;0.018912
280.00;21.88;0.025216
280.00;22.92;0.034041
280.00;23.96;0.045389
280.00;25.00;0.057997
282.00;0.00;0.000000
282.00;1.04;0.000000
282.00;2.08;0.000000
282.00;3.12;0.000000
282.00;4.17;0.000000
282.00;5.21;0.000000
282.00;6.25;0.000000
282.00;7.29;0.000000
282.00;8.33;0.000000
282.00;9.38;0.000000
282.00;10.42;0.000000
282.00;11.46;0.000000
282.00;12.50;0.000000
282.00;13.54;0.000000
282.00;14.58;0.001261
282.00;15.63;0.001261
282.00;16.67;0.002522
282.00;17.71;0.005043
282.00;18.75;0.007565
282.00;19.79;0.012608
282.00;20.83;0.017651
282.00;21.88;0.023955
282.00;22.92;0.031520
282.00;23.96;0.040345
282.00;25.00;0.050432
284.00;0.00;0.000000
284.00;1.04;0.000000
284.00;2.08;0.000000
284.00;3.12;0.000000
284.00;4.17;0.000000
284.00;5.21;0.000000
284.00;6.25;0.000000
284.00;7.29;0.000000
284.00;8.33;0.000000
284.00;9.38;0.000000
284.00;10.42;0.000000
284.00;11.46;0.000000
284.00;12.50;0.000000
284.00;13.54;0.000000
284.00;14.58;0.000000
284.00;15.63;0.001261
284.00;16.67;0.002522
284.00;17.71;0.003782
284.00;18.75;0.007565
284.00;19.79;0.011347
284.00;20.83;0.017651
284.00;21.88;0.022694
284.00;22.92;0.028998
284.00;23.96;0.036563
284.00;25.00;0.045389
286.00;0.00;0.000000
286.00;1.04;0.000000
286.00;2.08;0.000000
286.00;3.12;0.000000
286.00;4.17;0.000000
286.00;5.21;0.000000
286.00;6.25;0.000000
286.00;7.29;0.000000
286.00;8.33;0.000000
286.00;9.38;0.000000
286.00;10.42;0.000000
286.00;11.46;0.000000
286.00;12.50;0.000000
286.00;13.54;0.000000
286.00;14.58;0.001261
286.00;15.63;0.001261
286.00;16.67;0.002522
286.00;17.71;0.003782
286.00;18.75;0.007565
286.00;19.79;0.011347
286.00;20.83;0.016390
286.00;21.88;0.021434
286.00;22.92;0.026477
286.00;23.96;0.034041
286.00;25.00;0.041606
288.00;0.00;0.000000
288.00;1.04;0.000000
288.00;2.08;0.000000
288.00;3.12;0.000000
288.00;4.17;0.000000
288.00;5.21;0.000000
288.00;6.25;0.000000
288.00;7.29;0.000000
288.00;8.33;0.000000
288.00;9.38;0.000000
288.00;10.42;0.000000
288.00;11.46;0.000000
288.00;12.50;0.000000
288.00;13.54;0.000000
288.00;14.58;0.000000
288.00;15.63;0.001261
288.00;16.67;0.002522
288.00;17.71;0.003782
288.00;18.75;0.006304
288.00;19.79;0.010086
288.00;20.83;0.015130
288.00;21.88;0.020173
288.00;22.92;0.025216
288.00;23.96;0.031520
288.00;25.00;0.039085
290.00;0.00;0.000000
290.00;1.04;0.000000
290.00;2.08;0.000000
290.00;3.12;0.000000
290.00;4.17;0.000000
290.00;5.21;0.000000
290.00;6.25;0.000000
290.00;7.29;0.000000
290.00;8.33;0.000000
290.00;9.38;0.000000
290.00;10.42;0.000000
290.00;11.46;0.000000
290.00;12.50;0.000000
290.00;13.54;0.000000
290.00;14.58;0.000000
290.00;15.63;0.001261
290.00;16.67;0.001261
290.00;17.71;0.003782
290.00;18.75;0.006304
290.00;19.79;0.010086
290.00;20.83;0.015130
290.00;21.88;0.020173
290.00;22.92;0.025216
290.00;23.96;0.031520
290.00;25.00;0.036563
292.00;0.00;0.000000
292.00;1.04;0.000000
292.00;2.08;0.000000
292.00;3.12;0.000000
292.00;4.17;0.000000
292.00;5.21;0.000000
292.00;6.25;0.000000
292.00;7.29;0.000000
292.00;8.33;0.000000
292.00;9.38;0.000000
292.00;10.42;0.000000
292.00;11.46;0.000000
292.00;12.50;0.000000
292.00;13.54;0.000000
292.00;14.58;0.000000
292.00;15.63;0.001261
292.00;16.67;0.001261
292.00;17.71;0.003782
292.00;18.75;0.005043
292.00;19.79;0.008826
292.00;20.83;0.013869
292.00;21.88;0.018912
292.00;22.92;0.023955
292.00;23.96;0.031520
292.00;25.00;0.039085
294.00;0.00;0.000000
294.00;1.04;0.000000
294.00;2.08;0.000000
294.00;3.12;0.000000
294.00;4.17;0.000000
294.00;5.21;0.000000
294.00;6.25;0.000000
294.00;7.29;0.000000
294.00;8.33;0.000000
294.00;9.38;0.000000
294.00;10.42;0.000000
294.00;11.46;0.000000
294.00;12.50;0.000000
294.00;13.54;0.000000
294.00;14.58;0.000000
294.00;15.63;0.001261
294.00;16.67;0.001261
294.00;17.71;0.002522
294.00;18.75;0.005043
294.00;19.79;0.007565
294.00;20.83;0.012608
294.00;21.88;0.017651
294.00;22.92;0.023955
294.00;23.96;0.032781
294.00;25.00;0.040345
296.00;0.00;0.000000
296.00;1.04;0.000000
296.00;2.08;0.000000
296.00;3.12;0.000000
296.00;4.17;0.000000
296.00;5.21;0.000000
296.00;6.25;0.000000
296.00;7.29;0.000000
296.00;8.33;0.000000
296.00;9.38;0.000000
296.00;10.42;0.000000
296.00;11.46;0.000000
296.00;12.50;0.000000
296.00;13.54;0.000000
296.00;14.58;0.000000
296.00;15.63;0.001261
296.00;16.67;0.001261
296.00;17.71;0.002522
296.00;18.75;0.005043
296.00;19.79;0.007565
296.00;20.83;0.011347
296.00;21.88;0.016390
296.00;22.92;0.023955
296.00;23.96;0.032781
296.00;25.00;0.042867
298.00;0.00;0.000000
298.00;1.04;0.000000
298.00;2.08;0.000000
298.00;3.12;0.000000
298.00;4.17;0.000000
298.00;5.21;0.000000
298.00;6.25;0.000000
298.00;7.29;0.000000
298.00;8.33;0.000000
298.00;9.38;0.000000
298.00;10.42;0.000000
298.00;11.46;0.000000
298.00;12.50;0.000000
298.00;13.54;0.000000
298.00;14.58;0.000000
298.00;15.63;0.000000
298.00;16.67;0.001261
298.00;17.71;0.002522
298.00;18.75;0.003782
298.00;19.79;0.006304
298.00;20.83;0.010086
298.00;21.88;0.015130
298.00;22.92;0.023955
298.00;23.96;0.034041
298.00;25.00;0.044128
300.00;0.00;0.000000
300.00;1.04;0.000000
300.00;2.08;0.000000
300.00;3.12;0.000000
300.00;4.17;0.000000
300.00;5.21;0.000000
300.00;6.25;0.000000
300.00;7.29;0.000000
300.00;8.33;0.000000
300.00;9.38;0.000000
300.00;10.42;0.000000
300.00;11.46;0.000000
300.00;12.50;0.000000
300.00;13.54;0.000000
300.00;14.58;0.000000
300.00;15.63;0.000000
300.00;16.67;0.001261
300.00;17.71;0.002522
300.00;18.75;0.003782
300.00;19.79;0.005043
300.00;20.83;0.008826
300.00;21.88;0.013869
300.00;22.92;0.022694
300.00;23.96;0.034041
300.00;25.00;0.045389
302.00;0.00;0.000000
302.00;1.04;0.000000
302.00;2.08;0.000000
302.00;3.12;0.000000
302.00;4.17;0.000000
302.00;5.21;0.000000
302.00;6.25;0.000000
302.00;7.29;0.000000
302.00;8.33;0.000000
302.00;9.38;0.000000
302.00;10.42;0.000000
302.00;11.46;0.000000
302.00;12.50;0.000000
302.00;13.54;0.000000
302.00;14.58;0.000000
302.00;15.63;0.000000
302.00;16.67;0.001261
302.00;17.71;0.001261
302.00;18.75;0.002522
302.00;19.79;0.005043
302.00;20.83;0.007565
302.00;21.88;0.012608
302.00;22.92;0.021434
302.00;23.96;0.034041
302.00;25.00;0.044128
304.00;0.00;0.000000
304.00;1.04;0.000000
304.00;2.08;0.000000
304.00;3.12;0.000000
304.00;4.17;0.000000
304.00;5.21;0.000000
304.00;6.25;0.000000
304.00;7.29;0.000000
304.00;8.33;0.000000
304.00;9.38;0.000000
304.00;10.42;0.000000
304.00;11.46;0.000000
304.00;12.50;0.000000
304.00;13.54;0.000000
304.00;14.58;0.000000
304.00;15.63;0.000000
304.00;16.67;0.001261
304.00;17.71;0.001261
304.00;18.75;0.002522
304.00;19.79;0.003782
304.00;20.83;0.006304
304.00;21.88;0.011347
304.00;22.92;0.020173
304.00;23.96;0.032781
304.00;25.00;0.042867
306.00;0.00;0.000000
306.00;1.04;0.000000
306.00;2.08;0.000000
306.00;3.12;0.000000
306.00;4.17;0.000000
306.00;5.21;0.000000
306.00;6.25;0.000000
306.00;7.29;0.000000
306.00;8.33;0.000000
306.00;9.38;0.000000
306.00;10.42;0.000000
306.00;11.46;0.000000
306.00;12.50;0.000000
306.00;13.54;0.000000
306.00;14.58;0.000000
306.00;15.63;0.000000
306.00;16.67;0.001261
306.00;17.71;0.001261
306.00;18.75;0.001261
306.00;19.79;0.003782
306.00;20.83;0.005043
306.00;21.88;0.010086
306.00;22.92;0.018912
306.00;23.96;0.031520
306.00;25.00;0.041606
308.00;0.00;0.000000
308.00;1.04;0.000000
308.00;2.08;0.000000
308.00;3.12;0.000000
308.00;4.17;0.000000
308.00;5.21;0.000000
308.00;6.25;0.000000
308.00;7.29;0.000000
308.00;8.33;0.000000
308.00;9.38;0.000000
308.00;10.42;0.000000
308.00;11.46;0.000000
308.00;12.50;0.000000
308.00;13.54;0.000000
308.00;14.58;0.000000
308.00;15.63;0.000000
308.00;16.67;0.001261
308.00;17.71;0.001261
308.00;18.75;0.001261
308.00;19.79;0.002522
308.00;20.83;0.005043
308.00;21.88;0.008826
308.00;22.92;0.017651
308.00;23.96;0.030259
308.00;25.00;0.040345
310.00;0.00;0.000000
310.00;1.04;0.000000
310.00;2.08;0.000000
310.00;3.12;0.000000
310.00;4.17;0.000000
310.00;5.21;0.000000
310.00;6.25;0.000000
310.00;7.29;0.000000
310.00;8.33;0.000000
310.00;9.38;0.000000
310.00;10.42;0.000000
310.00;11.46;0.000000
310.00;12.50;0.000000
310.00;13.54;0.000000
310.00;14.58;0.000000
310.00;15.63;0.000000
310.00;16.67;0.000000
310.00;17.71;0.001261
310.00;18.75;0.001261
310.00;19.79;0.002522
310.00;20.83;0.003782
310.00;21.88;0.007565
310.00;22.92;0.016390
310.00;23.96;0.028998
310.00;25.00;0.039085
312.00;0.00;0.000000
312.00;1.04;0.000000
312.00;2.08;0.000000
312.00;3.12;0.000000
312.00;4.17;0.000000
312.00;5.21;0.000000
312.00;6.25;0.000000
312.00;7.29;0.000000
312.00;8.33;0.000000
312.00;9.38;0.000000
312.00;10.42;0.000000
312.00;11.46;0.000000
312.00;12.50;0.000000
312.00;13.54;0.000000
312.00;14.58;0.000000
312.00;15.63;0.000000
312.00;16.67;0.000000
312.00;17.71;0.001261
312.00;18.75;0.001261
312.00;19.79;0.001261
312.00;20.83;0.002522
312.00;21.88;0.006304
312.00;22.92;0.016390
312.00;23.96;0.028998
312.00;25.00;0.039085
314.00;0.00;0.000000
314.00;1.04;0.000000
314.00;2.08;0.000000
314.00;3.12;0.000000
314.00;4.17;0.000000
314.00;5.21;0.000000
314.00;6.25;0.000000
314.00;7.29;0.000000
314.00;8.33;0.000000
314.00;9.38;0.000000
314.00;10.42;0.000000
314.00;11.46;0.000000
314.00;12.50;0.000000
314.00;13.54;0.000000
314.00;14.58;0.000000
314.00;15.63;0.000000
314.00;16.67;0.000000
314.00;17.71;0.001261
314.00;18.75;0.001261
314.00;19.79;0.001261
314.00;20.83;0.002522
314.00;21.88;0.007565
314.00;22.92;0.016390
314.00;23.96;0.031520
314.00;25.00;0.041606
316.00;0.00;0.000000
316.00;1.04;0.000000
316.00;2.08;0.000000
316.00;3.12;0.000000
316.00;4.17;0.000000
316.00;5.21;0.000000
316.00;6.25;0.000000
316.00;7.29;0.000000
316.00;8.33;0.000000
316.00;9.38;0.000000
316.00;10.42;0.000000
316.00;11.46;0.000000
316.00;12.50;0.000000
316.00;13.54;0.000000
316.00;14.58;0.000000
316.00;15.63;0.000000
316.00;16.67;0.000000
316.00;17.71;0.000000
316.00;18.75;0.001261
316.00;19.79;0.002522
316.00;20.83;0.002522
316.00;21.88;0.007565
316.00;22.92;0.018912
316.00;23.96;0.034041
316.00;25.00;0.045389
318.00;0.00;0.000000
318.00;1.04;0.000000
318.00;2.08;0.000000
318.00;3.12;0.000000
318.00;4.17;0.000000
318.00;5.21;0.000000
318.00;6.25;0.000000
318.00;7.29;0.000000
318.00;8.33;0.000000
318.00;9.38;0.000000
318.00;10.42;0.000000
318.00;11.46;0.000000
318.00;12.50;0.000000
318.00;13.54;0.000000
318.00;14.58;0.000000
318.00;15.63;0.000000
318.00;16.67;0.000000
318.00;17.71;0.000000
318.00;18.75;0.000000
318.00;19.79;0.002522
318.00;20.83;0.005043
318.00;21.88;0.010086
318.00;22.92;0.022694
318.00;23.96;0.040345
318.00;25.00;0.051693
320.00;0.00;0.000000
320.00;1.04;0.000000
320.00;2.08;0.000000
320.00;3.12;0.000000
320.00;4.17;0.000000
320.00;5.21;0.000000
320.00;6.25;0.000000
320.00;7.29;0.000000
320.00;8.33;0.000000
320.00;9.38;0.000000
320.00;10.42;0.000000
320.00;11.46;0.000000
320.00;12.50;0.000000
320.00;13.54;0.000000
320.00;14.58;0.000000
320.00;15.63;0.000000
320.00;16.67;0.000000
320.00;17.71;0.000000
320.00;18.75;0.001261
320.00;19.79;0.003782
320.00;20.83;0.006304
320.00;21.88;0.015130
320.00;22.92;0.027738
320.00;23.96;0.045389
320.00;25.00;0.059257
322.00;0.00;0.000000
322.00;1.04;0.000000
322.00;2.08;0.000000
322.00;3.12;0.000000
322.00;4.17;0.000000
322.00;5.21;0.000000
322.00;6.25;0.000000
322.00;7.29;0.000000
322.00;8.33;0.000000
322.00;9.38;0.000000
322.00;10.42;0.000000
322.00;11.46;0.000000
322.00;12.50;0.000000
322.00;13.54;0.000000
322.00;14.58;0.000000
322.00;15.63;0.000000
322.00;16.67;0.000000
322.00;17.71;0.000000
322.00;18.75;0.001261
322.00;19.79;0.005043
322.00;20.83;0.008826
322.00;21.88;0.020173
322.00;22.92;0.034041
322.00;23.96;0.050432
322.00;25.00;0.065561
324.00;0.00;0.000000
324.00;1.04;0.000000
324.00;2.08;0.000000
324.00;3.12;0.000000
324.00;4.17;0.000000
324.00;5.21;0.000000
324.00;6.25;0.000000
324.00;7.29;0.000000
324.00;8.33;0.000000
324.00;9.38;0.000000
324.00;10.42;0.000000
324.00;11.46;0.000000
324.00;12.50;0.000000
324.00;13.54;0.000000
324.00;14.58;0.000000
324.00;15.63;0.000000
324.00;16.67;0.000000
324.00;17.71;0.000000
324.00;18.75;0.001261
324.00;19.79;0.005043
324.00;20.83;0.012608
324.00;21.88;0.023955
324.00;22.92;0.040345
324.00;23.96;0.056736
324.00;25.00;0.070605
326.00;0.00;0.000000
326.00;1.04;0.000000
326.00;2.08;0.000000
326.00;3.12;0.000000
326.00;4.17;0.000000
326.00;5.21;0.000000
326.00;6.25;0.000000
326.00;7.29;0.000000
326.00;8.33;0.000000
326.00;9.38;0.000000
326.00;10.42;0.000000
326.00;11.46;0.000000
326.00;12.50;0.000000
326.00;13.54;0.000000
326.00;14.58;0.000000
326.00;15.63;0.000000
326.00;16.67;0.000000
326.00;17.71;0.000000
326.00;18.75;0.002522
326.00;19.79;0.006304
326.00;20.83;0.015130
326.00;21.88;0.030259
326.00;22.92;0.042867
326.00;23.96;0.059257
326.00;25.00;0.070605
328.00;0.00;0.000000
328.00;1.04;0.000000
328.00;2.08;0.000000
328.00;3.12;0.000000
328.00;4.17;0.000000
328.00;5.21;0.000000
328.00;6.25;0.000000
328.00;7.29;0.000000
328.00;8.33;0.000000
328.00;9.38;0.000000
328.00;10.42;0.000000
328.00;11.46;0.000000
328.00;12.50;0.000000
328.00;13.54;0.000000
328.00;14.58;0.000000
328.00;15.63;0.000000
328.00;16.67;0.000000
328.00;17.71;0.001261
328.00;18.75;0.002522
328.00;19.79;0.008826
328.00;20.83;0.020173
328.00;21.88;0.032781
328.00;22.92;0.046649
328.00;23.96;0.059257
328.00;25.00;0.069344
330.00;0.00;0.000000
330.00;1.04;0.000000
330.00;2.08;0.000000
330.00;3.12;0.000000
330.00;4.17;0.000000
330.00;5.21;0.000000
330.00;6.25;0.000000
330.00;7.29;0.000000
330.00;8.33;0.000000
330.00;9.38;0.000000
330.00;10.42;0.000000
330.00;11.46;0.000000
330.00;12.50;0.000000
330.00;13.54;0.000000
330.00;14.58;0.000000
330.00;15.63;0.000000
330.00;16.67;0.000000
330.00;17.71;0.001261
330.00;18.75;0.002522
330.00;19.79;0.010086
330.00;20.83;0.022694
330.00;21.88;0.034041
330.00;22.92;0.045389
330.00;23.96;0.059257
330.00;25.00;0.066822
332.00;0.00;0.000000
332.00;1.04;0.000000
332.00;2.08;0.000000
332.00;3.12;0.000000
332.00;4.17;0.000000
332.00;5.21;0.000000
332.00;6.25;0.000000
332.00;7.29;0.000000
332.00;8.33;0.000000
332.00;9.38;0.000000
332.00;10.42;0.000000
332.00;11.46;0.000000
332.00;12.50;0.000000
332.00;13.54;0.000000
332.00;14.58;0.000000
332.00;15.63;0.000000
332.00;16.67;0.000000
332.00;17.71;0.001261
332.00;18.75;0.003782
332.00;19.79;0.010086
332.00;20.83;0.022694
332.00;21.88;0.032781
332.00;22.92;0.044128
332.00;23.96;0.055475
332.00;25.00;0.063040
334.00;0.00;0.000000
334.00;1.04;0.000000
334.00;2.08;0.000000
334.00;3.12;0.000000
334.00;4.17;0.000000
334.00;5.21;0.000000
334.00;6.25;0.000000
334.00;7.29;0.000000
334.00;8.33;0.000000
334.00;9.38;0.000000
334.00;10.42;0.000000
334.00;11.46;0.000000
334.00;12.50;0.000000
334.00;13.54;0.000000
334.00;14.58;0.000000
334.00;15.63;0.000000
334.00;16.67;0.000000
334.00;17.71;0.001261
334.00;18.75;0.003782
334.00;19.79;0.011347
334.00;20.83;0.022694
334.00;21.88;0.032781
334.00;22.92;0.042867
334.00;23.96;0.054214
334.00;25.00;0.060518
336.00;0.00;0.000000
336.00;1.04;0.000000
336.00;2.08;0.000000
336.00;3.12;0.000000
336.00;4.17;0.000000
336.00;5.21;0.000000
336.00;6.25;0.000000
336.00;7.29;0.000000
336.00;8.33;0.000000
336.00;9.38;0.000000
336.00;10.42;0.000000
336.00;11.46;0.000000
336.00;12.50;0.000000
336.00;13.54;0.000000
336.00;14.58;0.000000
336.00;15.63;0.000000
336.00;16.67;0.000000
336.00;17.71;0.001261
336.00;18.75;0.003782
336.00;19.79;0.010086
336.00;20.83;0.021434
336.00;21.88;0.032781
336.00;22.92;0.042867
336.00;23.96;0.051693
336.00;25.00;0.056736
338.00;0.00;0.000000
338.00;1.04;0.000000
338.00;2.08;0.000000
338.00;3.12;0.000000
338.00;4.17;0.000000
338.00;5.21;0.000000
338.00;6.25;0.000000
338.00;7.29;0.000000
338.00;8.33;0.000000
338.00;9.38;0.000000
338.00;10.42;0.000000
338.00;11.46;0.000000
338.00;12.50;0.000000
338.00;13.54;0.000000
338.00;14.58;0.000000
338.00;15.63;0.000000
338.00;16.67;0.000000
338.00;17.71;0.001261
338.00;18.75;0.002522
338.00;19.79;0.008826
338.00;20.83;0.018912
338.00;21.88;0.031520
338.00;22.92;0.039085
338.00;23.96;0.049171
338.00;25.00;0.054214
340.00;0.00;0.000000
340.00;1.04;0.000000
340.00;2.08;0.000000
340.00;3.12;0.000000
340.00;4.17;0.000000
340.00;5.21;0.000000
340.00;6.25;0.000000
340.00;7.29;0.000000
340.00;8.33;0.000000
340.00;9.38;0.000000
340.00;10.42;0.000000
340.00;11.46;0.000000
340.00;12.50;0.000000
340.00;13.54;0.000000
340.00;14.58;0.000000
340.00;15.63;0.000000
340.00;16.67;0.000000
340.00;17.71;0.001261
340.00;18.75;0.002522
340.00;19.79;0.007565
340.00;20.83;0.015130
340.00;21.88;0.026477
340.00;22.92;0.036563
340.00;23.96;0.045389
340.00;25.00;0.051693
342.00;0.00;0.000000
342.00;1.04;0.000000
342.00;2.08;0.000000
342.00;3.12;0.000000
342.00;4.17;0.000000
342.00;5.21;0.000000
342.00;6.25;0.000000
342.00;7.29;0.000000
342.00;8.33;0.000000
342.00;9.38;0.000000
342.00;10.42;0.000000
342.00;11.46;0.000000
342.00;12.50;0.000000
342.00;13.54;0.000000
342.00;14.58;0.000000
342.00;15.63;0.000000
342.00;16.67;0.000000
342.00;17.71;0.000000
342.00;18.75;0.001261
342.00;19.79;0.005043
342.00;20.83;0.012608
342.00;21.88;0.021434
342.00;22.92;0.030259
342.00;23.96;0.039085
342.00;25.00;0.045389
344.00;0.00;0.000000
344.00;1.04;0.000000
344.00;2.08;0.000000
344.00;3.12;0.000000
344.00;4.17;0.000000
344.00;5.21;0.000000
344.00;6.25;0.000000
344.00;7.29;0.000000
344.00;8.33;0.000000
344.00;9.38;0.000000
344.00;10.42;0.000000
344.00;11.46;0.000000
344.00;12.50;0.000000
344.00;13.54;0.000000
344.00;14.58;0.000000
344.00;15.63;0.000000
344.00;16.67;0.000000
344.00;17.71;0.000000
344.00;18.75;0.001261
344.00;19.79;0.003782
344.00;20.83;0.008826
344.00;21.88;0.016390
344.00;22.92;0.025216
344.00;23.96;0.032781
344.00;25.00;0.039085
346.00;0.00;0.000000
346.00;1.04;0.000000
346.00;2.08;0.000000
346.00;3.12;0.000000
346.00;4.17;0.000000
346.00;5.21;0.000000
346.00;6.25;0.000000
346.00;7.29;0.000000
346.00;8.33;0.000000
346.00;9.38;0.000000
346.00;10.42;0.000000
346.00;11.46;0.000000
346.00;12.50;0.000000
346.00;13.54;0.000000
346.00;14.58;0.000000
346.00;15.63;0.000000
346.00;16.67;0.000000
346.00;17.71;0.000000
346.00;18.75;0.001261
346.00;19.79;0.002522
346.00;20.83;0.005043
346.00;21.88;0.010086
346.00;22.92;0.018912
346.00;23.96;0.025216
346.00;25.00;0.031520
348.00;0.00;0.000000
348.00;1.04;0.000000
348.00;2.08;0.000000
348.00;3.12;0.000000
348.00;4.17;0.000000
348.00;5.21;0.000000
348.00;6.25;0.000000
348.00;7.29;0.000000
348.00;8.33;0.000000
348.00;9.38;0.000000
348.00;10.42;0.000000
348.00;11.46;0.000000
348.00;12.50;0.000000
348.00;13.54;0.000000
348.00;14.58;0.000000
348.00;15.63;0.000000
348.00;16.67;0.000000
348.00;17.71;0.000000
348.00;18.75;0.000000
348.00;19.79;0.001261
348.00;20.83;0.003782
348.00;21.88;0.006304
348.00;22.92;0.011347
348.00;23.96;0.017651
348.00;25.00;0.023955
350.00;0.00;0.000000
350.00;1.04;0.000000
350.00;2.08;0.000000
350.00;3.12;0.000000
350.00;4.17;0.000000
350.00;5.21;0.000000
350.00;6.25;0.000000
350.00;7.29;0.000000
350.00;8.33;0.000000
350.00;9.38;0.000000
350.00;10.42;0.000000
350.00;11.46;0.000000
350.00;12.50;0.000000
350.00;13.54;0.000000
350.00;14.58;0.000000
350.00;15.63;0.000000
350.00;16.67;0.000000
350.00;17.71;0.000000
350.00;18.75;0.000000
350.00;19.79;0.001261
350.00;20.83;0.001261
350.00;21.88;0.003782
350.00;22.92;0.006304
350.00;23.96;0.010086
350.00;25.00;0.015130
352.00;0.00;0.000000
352.00;1.04;0.000000
352.00;2.08;0.000000
352.00;3.12;0.000000
352.00;4.17;0.000000
352.00;5.21;0.000000
352.00;6.25;0.000000
352.00;7.29;0.000000
352.00;8.33;0.000000
352.00;9.38;0.000000
352.00;10.42;0.000000
352.00;11.46;0.000000
352.00;12.50;0.000000
352.00;13.54;0.000000
352.00;14.58;0.000000
352.00;15.63;0.000000
352.00;16.67;0.000000
352.00;17.71;0.000000
352.00;18.75;0.000000
352.00;19.79;0.000000
352.00;20.83;0.001261
352.00;21.88;0.002522
352.00;22.92;0.003782
352.00;23.96;0.005043
352.00;25.00;0.008826
354.00;0.00;0.000000
354.00;1.04;0.000000
354.00;2.08;0.000000
354.00;3.12;0.000000
354.00;4.17;0.000000
354.00;5.21;0.000000
354.00;6.25;0.000000
354.00;7.29;0.000000
354.00;8.33;0.000000
354.00;9.38;0.000000
354.00;10.42;0.000000
354.00;11.46;0.000000
354.00;12.50;0.000000
354.00;13.54;0.000000
354.00;14.58;0.000000
354.00;15.63;0.000000
354.00;16.67;0.000000
354.00;17.71;0.000000
354.00;18.75;0.000000
354.00;19.79;0.000000
354.00;20.83;0.000000
354.00;21.88;0.001261
354.00;22.92;0.001261
354.00;23.96;0.002522
354.00;25.00;0.003782
356.00;0.00;0.000000
356.00;1.04;0.000000
356.00;2.08;0.000000
356.00;3.12;0.000000
356.00;4.17;0.000000
356.00;5.21;0.000000
356.00;6.25;0.000000
356.00;7.29;0.000000
356.00;8.33;0.000000
356.00;9.38;0.000000
356.00;10.42;0.000000
356.00;11.46;0.000000
356.00;12.50;0.000000
356.00;13.54;0.000000
356.00;14.58;0.000000
356.00;15.63;0.000000
356.00;16.67;0.000000
356.00;17.71;0.000000
356.00;18.75;0.000000
356.00;19.79;0.000000
356.00;20.83;0.000000
356.00;21.88;0.000000
356.00;22.92;0.001261
356.00;23.96;0.001261
356.00;25.00;0.002522
358.00;0.00;0.000000
358.00;1.04;0.000000
358.00;2.08;0.000000
358.00;3.12;0.000000
358.00;4.17;0.000000
358.00;5.21;0.000000
358.00;6.25;0.000000
358.00;7.29;0.000000
358.00;8.33;0.000000
358.00;9.38;0.000000
358.00;10.42;0.000000
358.00;11.46;0.000000
358.00;12.50;0.000000
358.00;13.54;0.000000
358.00;14.58;0.000000
358.00;15.63;0.000000
358.00;16.67;0.000000
358.00;17.71;0.000000
358.00;18.75;0.000000
358.00;19.79;0.000000
358.00;20.83;0.000000
358.00;21.88;0.000000
358.00;22.92;0.000000
358.00;23.96;0.001261
358.00;25.00;0.001261
