station_code;date;DDVEC;FHVEC
330;2020-01-01T00:00:00.000Z;173;5.1
330;2020-01-02T00:00:00.000Z;188;7.6
330;2020-01-03T00:00:00.000Z;261;6.1
330;2020-01-04T00:00:00.000Z;285;8.9
330;2020-01-05T00:00:00.000Z;228;5.1
330;2020-01-06T00:00:00.000Z;199;7.1
330;2020-01-07T00:00:00.000Z;205;7.6
330;2020-01-08T00:00:00.000Z;221;6.8
330;2020-01-09T00:00:00.000Z;193;8.9
330;2020-01-10T00:00:00.000Z;301;4.8
330;2020-01-11T00:00:00.000Z;200;9.4
330;2020-01-12T00:00:00.000Z;217;9.3
330;2020-01-13T00:00:00.000Z;185;9.5
330;2020-01-14T00:00:00.000Z;196;12.6
330;2020-01-15T00:00:00.000Z;205;10.4
330;2020-01-16T00:00:00.000Z;170;8.2
330;2020-01-17T00:00:00.000Z;216;8.0
330;2020-01-18T00:00:00.000Z;291;7.2
330;2020-01-19T00:00:00.000Z;360;7.9
330;2020-01-20T00:00:00.000Z;220;2.4
330;2020-01-21T00:00:00.000Z;194;4.6
330;2020-01-22T00:00:00.000Z;213;2.5
330;2020-01-23T00:00:00.000Z;131;1.8
330;2020-01-24T00:00:00.000Z;187;4.8
330;2020-01-25T00:00:00.000Z;169;5.8
330;2020-01-26T00:00:00.000Z;176;7.2
330;2020-01-27T00:00:00.000Z;198;7.5
330;2020-01-28T00:00:00.000Z;255;10.9
330;2020-01-29T00:00:00.000Z;261;11.0
330;2020-01-30T00:00:00.000Z;212;9.4
330;2020-01-31T00:00:00.000Z;218;10.7
330;2020-02-01T00:00:00.000Z;232;10.2
330;2020-02-02T00:00:00.000Z;230;8.4
330;2020-02-03T00:00:00.000Z;251;8.4
330;2020-02-04T00:00:00.000Z;305;11.2
330;2020-02-05T00:00:00.000Z;307;2.0
330;2020-02-06T00:00:00.000Z;259;2.3
330;2020-02-07T00:00:00.000Z;139;6.7
330;2020-02-08T00:00:00.000Z;192;6.8
330;2020-02-09T00:00:00.000Z;204;15.5
330;2020-02-10T00:00:00.000Z;254;14.8
330;2020-02-11T00:00:00.000Z;267;17.7
330;2020-02-12T00:00:00.000Z;260;11.3
330;2020-02-13T00:00:00.000Z;201;6.4
330;2020-02-14T00:00:00.000Z;241;4.2
330;2020-02-15T00:00:00.000Z;191;12.3
330;2020-02-16T00:00:00.000Z;210;13.3
330;2020-02-17T00:00:00.000Z;228;11.6
330;2020-02-18T00:00:00.000Z;239;11.0
330;2020-02-19T00:00:00.000Z;261;8.9
330;2020-02-20T00:00:00.000Z;233;9.5
330;2020-02-21T00:00:00.000Z;239;10.5
330;2020-02-22T00:00:00.000Z;224;12.5
330;2020-02-23T00:00:00.000Z;262;10.7
330;2020-02-24T00:00:00.000Z;221;9.2
330;2020-02-25T00:00:00.000Z;251;9.2
330;2020-02-26T00:00:00.000Z;296;10.7
330;2020-02-27T00:00:00.000Z;291;3.5
330;2020-02-28T00:00:00.000Z;201;7.5
330;2020-02-29T00:00:00.000Z;206;11.7
330;2020-03-01T00:00:00.000Z;210;10.6
330;2020-03-02T00:00:00.000Z;221;3.3
330;2020-03-03T00:00:00.000Z;229;5.5
330;2020-03-04T00:00:00.000Z;250;3.4
330;2020-03-05T00:00:00.000Z;71;7.1
330;2020-03-06T00:00:00.000Z;354;8.9
330;2020-03-07T00:00:00.000Z;225;6.2
330;2020-03-08T00:00:00.000Z;201;10.2
330;2020-03-09T00:00:00.000Z;237;7.6
330;2020-03-10T00:00:00.000Z;226;12.5
330;2020-03-11T00:00:00.000Z;230;9.2
330;2020-03-12T00:00:00.000Z;245;12.5
330;2020-03-13T00:00:00.000Z;268;7.2
330;2020-03-14T00:00:00.000Z;174;7.3
330;2020-03-15T00:00:00.000Z;195;8.2
330;2020-03-16T00:00:00.000Z;284;2.6
330;2020-03-17T00:00:00.000Z;217;7.3
330;2020-03-18T00:00:00.000Z;226;7.5
330;2020-03-19T00:00:00.000Z;39;4.7
330;2020-03-20T00:00:00.000Z;40;9.5
330;2020-03-21T00:00:00.000Z;77;9.1
330;2020-03-22T00:00:00.000Z;92;8.0
330;2020-03-23T00:00:00.000Z;120;9.5
330;2020-03-24T00:00:00.000Z;130;6.7
330;2020-03-25T00:00:00.000Z;93;4.8
330;2020-03-26T00:00:00.000Z;71;6.3
330;2020-03-27T00:00:00.000Z;30;8.1
330;2020-03-28T00:00:00.000Z;21;12.3
330;2020-03-29T00:00:00.000Z;25;14.4
330;2020-03-30T00:00:00.000Z;7;5.3
330;2020-03-31T00:00:00.000Z;38;6.5
330;2020-04-01T00:00:00.000Z;310;1.7
330;2020-04-02T00:00:00.000Z;247;6.6
330;2020-04-03T00:00:00.000Z;285;5.8
330;2020-04-04T00:00:00.000Z;147;3.1
330;2020-04-05T00:00:00.000Z;132;7.0
330;2020-04-06T00:00:00.000Z;205;5.8
330;2020-04-07T00:00:00.000Z;111;3.2
330;2020-04-08T00:00:00.000Z;41;2.3
330;2020-04-09T00:00:00.000Z;36;3.9
330;2020-04-10T00:00:00.000Z;61;4.0
330;2020-04-11T00:00:00.000Z;79;2.1
330;2020-04-12T00:00:00.000Z;274;0.5
330;2020-04-13T00:00:00.000Z;18;12.6
330;2020-04-14T00:00:00.000Z;6;5.5
330;2020-04-15T00:00:00.000Z;45;1.7
330;2020-04-16T00:00:00.000Z;46;4.2
330;2020-04-17T00:00:00.000Z;44;7.6
330;2020-04-18T00:00:00.000Z;12;3.9
330;2020-04-19T00:00:00.000Z;50;6.9
330;2020-04-20T00:00:00.000Z;78;9.7
330;2020-04-21T00:00:00.000Z;79;9.4
330;2020-04-22T00:00:00.000Z;85;7.5
330;2020-04-23T00:00:00.000Z;37;1.8
330;2020-04-24T00:00:00.000Z;6;6.3
330;2020-04-25T00:00:00.000Z;18;6.1
330;2020-04-26T00:00:00.000Z;11;1.7
330;2020-04-27T00:00:00.000Z;346;1.7
330;2020-04-28T00:00:00.000Z;43;6.7
330;2020-04-29T00:00:00.000Z;222;3.8
330;2020-04-30T00:00:00.000Z;205;8.5
330;2020-05-01T00:00:00.000Z;239;8.1
330;2020-05-02T00:00:00.000Z;271;7.2
330;2020-05-03T00:00:00.000Z;306;1.3
330;2020-05-04T00:00:00.000Z;33;7.9
330;2020-05-05T00:00:00.000Z;38;7.5
330;2020-05-06T00:00:00.000Z;43;4.9
330;2020-05-07T00:00:00.000Z;57;2.0
330;2020-05-08T00:00:00.000Z;5;1.7
330;2020-05-09T00:00:00.000Z;30;4.5
330;2020-05-10T00:00:00.000Z;22;10.3
330;2020-05-11T00:00:00.000Z;17;14.9
330;2020-05-12T00:00:00.000Z;299;4.0
330;2020-05-13T00:00:00.000Z;9;8.0
330;2020-05-14T00:00:00.000Z;31;7.3
330;2020-05-15T00:00:00.000Z;343;1.9
330;2020-05-16T00:00:00.000Z;264;5.1
330;2020-05-17T00:00:00.000Z;248;4.4
330;2020-05-18T00:00:00.000Z;237;5.7
330;2020-05-19T00:00:00.000Z;293;2.6
330;2020-05-20T00:00:00.000Z;43;1.6
330;2020-05-21T00:00:00.000Z;87;1.7
330;2020-05-22T00:00:00.000Z;218;9.0
330;2020-05-23T00:00:00.000Z;239;10.1
330;2020-05-24T00:00:00.000Z;262;8.4
330;2020-05-25T00:00:00.000Z;329;3.3
330;2020-05-26T00:00:00.000Z;343;1.6
330;2020-05-27T00:00:00.000Z;12;6.7
330;2020-05-28T00:00:00.000Z;32;7.8
330;2020-05-29T00:00:00.000Z;32;6.1
330;2020-05-30T00:00:00.000Z;54;5.7
330;2020-05-31T00:00:00.000Z;65;6.8
330;2020-06-01T00:00:00.000Z;33;4.9
330;2020-06-02T00:00:00.000Z;320;2.8
330;2020-06-03T00:00:00.000Z;339;5.6
330;2020-06-04T00:00:00.000Z;331;9.1
330;2020-06-05T00:00:00.000Z;264;6.5
330;2020-06-06T00:00:00.000Z;240;11.0
330;2020-06-07T00:00:00.000Z;275;8.5
330;2020-06-08T00:00:00.000Z;356;7.5
330;2020-06-09T00:00:00.000Z;15;5.5
330;2020-06-10T00:00:00.000Z;13;3.6
330;2020-06-11T00:00:00.000Z;51;4.6
330;2020-06-12T00:00:00.000Z;103;4.1
330;2020-06-13T00:00:00.000Z;59;2.8
330;2020-06-14T00:00:00.000Z;281;2.8
330;2020-06-15T00:00:00.000Z;305;1.6
330;2020-06-16T00:00:00.000Z;47;3.1
330;2020-06-17T00:00:00.000Z;20;5.0
330;2020-06-18T00:00:00.000Z;232;1.5
330;2020-06-19T00:00:00.000Z;233;4.5
330;2020-06-20T00:00:00.000Z;262;2.9
330;2020-06-21T00:00:00.000Z;209;5.6
330;2020-06-22T00:00:00.000Z;292;3.3
330;2020-06-23T00:00:00.000Z;26;1.5
330;2020-06-24T00:00:00.000Z;83;4.1
330;2020-06-25T00:00:00.000Z;109;5.5
330;2020-06-26T00:00:00.000Z;133;2.8
330;2020-06-27T00:00:00.000Z;215;7.2
330;2020-06-28T00:00:00.000Z;231;11.5
330;2020-06-29T00:00:00.000Z;233;11.6
330;2020-06-30T00:00:00.000Z;238;9.3
330;2020-07-01T00:00:00.000Z;234;8.3
330;2020-07-02T00:00:00.000Z;251;7.6
330;2020-07-03T00:00:00.000Z;237;9.5
330;2020-07-04T00:00:00.000Z;222;11.5
330;2020-07-05T00:00:00.000Z;234;13.2
330;2020-07-06T00:00:00.000Z;285;9.8
330;2020-07-07T00:00:00.000Z;260;4.7
330;2020-07-08T00:00:00.000Z;244;2.9
330;2020-07-09T00:00:00.000Z;233;8.1
330;2020-07-10T00:00:00.000Z;336;5.2
330;2020-07-11T00:00:00.000Z;314;3.6
330;2020-07-12T00:00:00.000Z;11;3.7
330;2020-07-13T00:00:00.000Z;229;2.0
330;2020-07-14T00:00:00.000Z;326;3.7
330;2020-07-15T00:00:00.000Z;281;3.9
330;2020-07-16T00:00:00.000Z;314;6.4
330;2020-07-17T00:00:00.000Z;258;1.4
330;2020-07-18T00:00:00.000Z;235;3.0
330;2020-07-19T00:00:00.000Z;318;2.7
330;2020-07-20T00:00:00.000Z;343;5.7
330;2020-07-21T00:00:00.000Z;325;5.3
330;2020-07-22T00:00:00.000Z;3;2.8
330;2020-07-23T00:00:00.000Z;220;5.9
330;2020-07-24T00:00:00.000Z;260;5.0
330;2020-07-25T00:00:00.000Z;215;7.1
330;2020-07-26T00:00:00.000Z;240;8.0
330;2020-07-27T00:00:00.000Z;203;6.8
330;2020-07-28T00:00:00.000Z;269;8.6
330;2020-07-29T00:00:00.000Z;277;5.6
330;2020-07-30T00:00:00.000Z;91;1.7
330;2020-07-31T00:00:00.000Z;122;5.3
330;2020-08-01T00:00:00.000Z;240;5.9
330;2020-08-02T00:00:00.000Z;282;3.5
330;2020-08-03T00:00:00.000Z;25;2.1
330;2020-08-04T00:00:00.000Z;274;1.7
330;2020-08-05T00:00:00.000Z;213;5.0
330;2020-08-06T00:00:00.000Z;347;0.6
330;2020-08-07T00:00:00.000Z;85;1.5
330;2020-08-08T00:00:00.000Z;36;2.7
330;2020-08-09T00:00:00.000Z;32;5.2
330;2020-08-10T00:00:00.000Z;78;3.6
330;2020-08-11T00:00:00.000Z;74;1.3
330;2020-08-12T00:00:00.000Z;35;3.7
330;2020-08-13T00:00:00.000Z;306;0.3
330;2020-08-14T00:00:00.000Z;264;1.8
330;2020-08-15T00:00:00.000Z;2;1.7
330;2020-08-16T00:00:00.000Z;89;1.1
330;2020-08-17T00:00:00.000Z;220;1.9
330;2020-08-18T00:00:00.000Z;238;5.4
330;2020-08-19T00:00:00.000Z;170;6.6
330;2020-08-20T00:00:00.000Z;167;4.5
330;2020-08-21T00:00:00.000Z;229;8.5
330;2020-08-22T00:00:00.000Z;233;11.1
330;2020-08-23T00:00:00.000Z;255;8.9
330;2020-08-24T00:00:00.000Z;256;6.6
330;2020-08-25T00:00:00.000Z;202;10.3
330;2020-08-26T00:00:00.000Z;272;13.5
330;2020-08-27T00:00:00.000Z;161;4.6
330;2020-08-28T00:00:00.000Z;228;7.4
330;2020-08-29T00:00:00.000Z;270;4.6
330;2020-08-30T00:00:00.000Z;1;11.2
330;2020-08-31T00:00:00.000Z;15;5.4
330;2020-09-01T00:00:00.000Z;30;1.8
330;2020-09-02T00:00:00.000Z;275;1.1
330;2020-09-03T00:00:00.000Z;217;8.9
330;2020-09-04T00:00:00.000Z;256;6.6
330;2020-09-05T00:00:00.000Z;287;7.3
330;2020-09-06T00:00:00.000Z;275;5.2
330;2020-09-07T00:00:00.000Z;219;6.0
330;2020-09-08T00:00:00.000Z;229;5.7
330;2020-09-09T00:00:00.000Z;276;3.8
330;2020-09-10T00:00:00.000Z;324;1.7
330;2020-09-11T00:00:00.000Z;246;2.9
330;2020-09-12T00:00:00.000Z;249;6.6
330;2020-09-13T00:00:00.000Z;212;4.8
330;2020-09-14T00:00:00.000Z;111;2.6
330;2020-09-15T00:00:00.000Z;42;0.4
330;2020-09-16T00:00:00.000Z;19;8.8
330;2020-09-17T00:00:00.000Z;60;7.4
330;2020-09-18T00:00:00.000Z;77;7.1
330;2020-09-19T00:00:00.000Z;68;5.7
330;2020-09-20T00:00:00.000Z;43;5.2
330;2020-09-21T00:00:00.000Z;15;3.0
330;2020-09-22T00:00:00.000Z;231;1.7
330;2020-09-23T00:00:00.000Z;198;7.1
330;2020-09-24T00:00:00.000Z;203;9.1
330;2020-09-25T00:00:00.000Z;259;7.9
330;2020-09-26T00:00:00.000Z;353;10.2
330;2020-09-27T00:00:00.000Z;11;8.4
330;2020-09-28T00:00:00.000Z;331;8.2
330;2020-09-29T00:00:00.000Z;258;3.0
330;2020-09-30T00:00:00.000Z;171;6.3
330;2020-10-01T00:00:00.000Z;167;6.3
330;2020-10-02T00:00:00.000Z;84;7.7
330;2020-10-03T00:00:00.000Z;141;5.1
330;2020-10-04T00:00:00.000Z;177;10.2
330;2020-10-05T00:00:00.000Z;190;9.5
330;2020-10-06T00:00:00.000Z;242;8.5
330;2020-10-07T00:00:00.000Z;275;9.4
330;2020-10-08T00:00:00.000Z;241;6.3
330;2020-10-09T00:00:00.000Z;264;5.5
330;2020-10-10T00:00:00.000Z;291;8.5
330;2020-10-11T00:00:00.000Z;325;7.1
330;2020-10-12T00:00:00.000Z;269;2.9
330;2020-10-13T00:00:00.000Z;131;5.2
330;2020-10-14T00:00:00.000Z;50;8.0
330;2020-10-15T00:00:00.000Z;47;7.5
330;2020-10-16T00:00:00.000Z;54;3.2
330;2020-10-17T00:00:00.000Z;218;2.0
330;2020-10-18T00:00:00.000Z;314;3.6
330;2020-10-19T00:00:00.000Z;166;5.0
330;2020-10-20T00:00:00.000Z;171;7.9
330;2020-10-21T00:00:00.000Z;190;9.7
330;2020-10-22T00:00:00.000Z;213;7.9
330;2020-10-23T00:00:00.000Z;208;5.9
330;2020-10-24T00:00:00.000Z;191;9.9
330;2020-10-25T00:00:00.000Z;197;8.3
330;2020-10-26T00:00:00.000Z;201;9.1
330;2020-10-27T00:00:00.000Z;195;9.4
330;2020-10-28T00:00:00.000Z;213;8.8
330;2020-10-29T00:00:00.000Z;242;8.7
330;2020-10-30T00:00:00.000Z;221;10.1
330;2020-10-31T00:00:00.000Z;192;7.6
330;2020-11-01T00:00:00.000Z;196;9.8
330;2020-11-02T00:00:00.000Z;221;11.0
330;2020-11-03T00:00:00.000Z;238;8.4
330;2020-11-04T00:00:00.000Z;290;5.1
330;2020-11-05T00:00:00.000Z;233;2.4
330;2020-11-06T00:00:00.000Z;103;4.2
330;2020-11-07T00:00:00.000Z;127;3.4
330;2020-11-08T00:00:00.000Z;129;3.5
330;2020-11-09T00:00:00.000Z;137;3.3
330;2020-11-10T00:00:00.000Z;182;2.7
330;2020-11-11T00:00:00.000Z;164;6.2
330;2020-11-12T00:00:00.000Z;213;6.9
330;2020-11-13T00:00:00.000Z;191;6.2
330;2020-11-14T00:00:00.000Z;179;8.5
330;2020-11-15T00:00:00.000Z;188;11.1
330;2020-11-16T00:00:00.000Z;239;8.8
330;2020-11-17T00:00:00.000Z;214;9.2
330;2020-11-18T00:00:00.000Z;198;8.6
330;2020-11-19T00:00:00.000Z;296;9.5
330;2020-11-20T00:00:00.000Z;238;4.4
330;2020-11-21T00:00:00.000Z;217;8.4
330;2020-11-22T00:00:00.000Z;276;6.6
330;2020-11-23T00:00:00.000Z;242;4.0
330;2020-11-24T00:00:00.000Z;180;7.5
330;2020-11-25T00:00:00.000Z;183;7.1
330;2020-11-26T00:00:00.000Z;39;1.8
330;2020-11-27T00:00:00.000Z;80;3.1
330;2020-11-28T00:00:00.000Z;93;4.6
330;2020-11-29T00:00:00.000Z;106;3.2
330;2020-11-30T00:00:00.000Z;237;5.3
330;2020-12-01T00:00:00.000Z;358;12.6
330;2020-12-02T00:00:00.000Z;173;2.4
330;2020-12-03T00:00:00.000Z;171;8.3
330;2020-12-04T00:00:00.000Z;164;11.4
330;2020-12-05T00:00:00.000Z;150;5.4
330;2020-12-06T00:00:00.000Z;69;2.8
330;2020-12-07T00:00:00.000Z;202;4.2
330;2020-12-08T00:00:00.000Z;136;2.9
330;2020-12-09T00:00:00.000Z;168;7.3
330;2020-12-10T00:00:00.000Z;146;6.9
330;2020-12-11T00:00:00.000Z;139;8.6
330;2020-12-12T00:00:00.000Z;237;2.4
330;2020-12-13T00:00:00.000Z;184;6.6
330;2020-12-14T00:00:00.000Z;181;9.3
330;2020-12-15T00:00:00.000Z;193;5.3
330;2020-12-16T00:00:00.000Z;160;7.4
330;2020-12-17T00:00:00.000Z;204;7.4
330;2020-12-18T00:00:00.000Z;178;10.1
330;2020-12-19T00:00:00.000Z;177;9.7
330;2020-12-20T00:00:00.000Z;196;7.8
330;2020-12-21T00:00:00.000Z;185;8.7
330;2020-12-22T00:00:00.000Z;231;5.0
330;2020-12-23T00:00:00.000Z;205;5.5
330;2020-12-24T00:00:00.000Z;10;9.1
330;2020-12-25T00:00:00.000Z;353;6.9
330;2020-12-26T00:00:00.000Z;213;9.5
330;2020-12-27T00:00:00.000Z;195;12.0
330;2020-12-28T00:00:00.000Z;145;4.3
330;2020-12-29T00:00:00.000Z;236;3.0
330;2020-12-30T00:00:00.000Z;258;5.2
330;2020-12-31T00:00:00.000Z;161;0.7
330;2021-01-01T00:00:00.000Z;255;4.3
330;2021-01-02T00:00:00.000Z;196;0.5
330;2021-01-03T00:00:00.000Z;56;6.7
330;2021-01-04T00:00:00.000Z;49;9.7
330;2021-01-05T00:00:00.000Z;56;7.6
330;2021-01-06T00:00:00.000Z;30;4.3
330;2021-01-07T00:00:00.000Z;338;8.8
330;2021-01-08T00:00:00.000Z;2;3.6
330;2021-01-09T00:00:00.000Z;339;4.2
330;2021-01-10T00:00:00.000Z;256;4.9
330;2021-01-11T00:00:00.000Z;242;8.9
330;2021-01-12T00:00:00.000Z;310;8.3
330;2021-01-13T00:00:00.000Z;301;8.2
330;2021-01-14T00:00:00.000Z;82;5.3
330;2021-01-15T00:00:00.000Z;80;0.9
330;2021-01-16T00:00:00.000Z;186;7.7
330;2021-01-17T00:00:00.000Z;307;7.5
330;2021-01-18T00:00:00.000Z;240;6.9
330;2021-01-19T00:00:00.000Z;213;12.3
330;2021-01-20T00:00:00.000Z;185;12.5
330;2021-01-21T00:00:00.000Z;210;10.3
330;2021-01-22T00:00:00.000Z;235;6.1
330;2021-01-23T00:00:00.000Z;250;3.7
330;2021-01-24T00:00:00.000Z;261;1.1
330;2021-01-25T00:00:00.000Z;290;4.9
330;2021-01-26T00:00:00.000Z;261;6.4
330;2021-01-27T00:00:00.000Z;227;5.3
330;2021-01-28T00:00:00.000Z;135;2.9
330;2021-01-29T00:00:00.000Z;264;7.1
330;2021-01-30T00:00:00.000Z;76;8.8
330;2021-01-31T00:00:00.000Z;88;6.3
330;2021-02-01T00:00:00.000Z;40;2.8
330;2021-02-02T00:00:00.000Z;178;4.3
330;2021-02-03T00:00:00.000Z;228;6.0
330;2021-02-04T00:00:00.000Z;183;3.3
330;2021-02-05T00:00:00.000Z;152;3.1
330;2021-02-06T00:00:00.000Z;75;7.7
330;2021-02-07T00:00:00.000Z;58;12.4
330;2021-02-08T00:00:00.000Z;66;9.4
330;2021-02-09T00:00:00.000Z;62;6.2
330;2021-02-10T00:00:00.000Z;58;5.4
330;2021-02-11T00:00:00.000Z;93;3.8
330;2021-02-12T00:00:00.000Z;83;7.2
330;2021-02-13T00:00:00.000Z;108;7.6
330;2021-02-14T00:00:00.000Z;146;9.0
330;2021-02-15T00:00:00.000Z;190;9.4
330;2021-02-16T00:00:00.000Z;196;8.1
330;2021-02-17T00:00:00.000Z;201;8.2
330;2021-02-18T00:00:00.000Z;180;8.1
330;2021-02-19T00:00:00.000Z;183;8.4
330;2021-02-20T00:00:00.000Z;162;9.2
330;2021-02-21T00:00:00.000Z;170;5.7
330;2021-02-22T00:00:00.000Z;183;5.9
330;2021-02-23T00:00:00.000Z;192;7.0
330;2021-02-24T00:00:00.000Z;189;7.9
330;2021-02-25T00:00:00.000Z;227;3.0
330;2021-02-26T00:00:00.000Z;306;3.4
330;2021-02-27T00:00:00.000Z;360;1.5
330;2021-02-28T00:00:00.000Z;43;3.9
330;2021-03-01T00:00:00.000Z;88;4.7
330;2021-03-02T00:00:00.000Z;80;1.3
330;2021-03-03T00:00:00.000Z;337;2.6
330;2021-03-04T00:00:00.000Z;9;6.0
330;2021-03-05T00:00:00.000Z;30;6.8
330;2021-03-06T00:00:00.000Z;38;3.5
330;2021-03-07T00:00:00.000Z;4;2.0
330;2021-03-08T00:00:00.000Z;247;4.6
330;2021-03-09T00:00:00.000Z;290;3.6
330;2021-03-10T00:00:00.000Z;191;10.2
330;2021-03-11T00:00:00.000Z;226;13.3
330;2021-03-12T00:00:00.000Z;224;10.2
330;2021-03-13T00:00:00.000Z;242;11.7
330;2021-03-14T00:00:00.000Z;272;8.1
330;2021-03-15T00:00:00.000Z;321;9.4
330;2021-03-16T00:00:00.000Z;316;3.2
330;2021-03-17T00:00:00.000Z;356;7.8
330;2021-03-18T00:00:00.000Z;359;5.7
330;2021-03-19T00:00:00.000Z;22;8.1
330;2021-03-20T00:00:00.000Z;299;2.0
330;2021-03-21T00:00:00.000Z;348;8.0
330;2021-03-22T00:00:00.000Z;321;2.4
330;2021-03-23T00:00:00.000Z;216;3.9
330;2021-03-24T00:00:00.000Z;227;3.7
330;2021-03-25T00:00:00.000Z;220;5.6
330;2021-03-26T00:00:00.000Z;199;8.0
330;2021-03-27T00:00:00.000Z;249;9.4
330;2021-03-28T00:00:00.000Z;217;10.3
330;2021-03-29T00:00:00.000Z;219;8.7
330;2021-03-30T00:00:00.000Z;147;2.0
330;2021-03-31T00:00:00.000Z;187;0.8
330;2021-04-01T00:00:00.000Z;14;8.2
330;2021-04-02T00:00:00.000Z;10;9.2
330;2021-04-03T00:00:00.000Z;8;9.5
330;2021-04-04T00:00:00.000Z;257;3.2
330;2021-04-05T00:00:00.000Z;321;13.6
330;2021-04-06T00:00:00.000Z;321;12.6
330;2021-04-07T00:00:00.000Z;306;12.9
330;2021-04-08T00:00:00.000Z;238;6.5
330;2021-04-09T00:00:00.000Z;247;3.5
330;2021-04-10T00:00:00.000Z;44;9.3
330;2021-04-11T00:00:00.000Z;355;8.8
330;2021-04-12T00:00:00.000Z;313;5.1
330;2021-04-13T00:00:00.000Z;300;3.6
330;2021-04-14T00:00:00.000Z;18;4.4
330;2021-04-15T00:00:00.000Z;20;6.5
330;2021-04-16T00:00:00.000Z;18;7.7
330;2021-04-17T00:00:00.000Z;14;7.8
330;2021-04-18T00:00:00.000Z;341;3.3
330;2021-04-19T00:00:00.000Z;7;4.0
330;2021-04-20T00:00:00.000Z;5;2.0
330;2021-04-21T00:00:00.000Z;13;8.9
330;2021-04-22T00:00:00.000Z;20;6.1
330;2021-04-23T00:00:00.000Z;27;3.9
330;2021-04-24T00:00:00.000Z;32;6.0
330;2021-04-25T00:00:00.000Z;28;8.3
330;2021-04-26T00:00:00.000Z;28;7.5
330;2021-04-27T00:00:00.000Z;54;4.0
330;2021-04-28T00:00:00.000Z;24;7.0
330;2021-04-29T00:00:00.000Z;329;9.9
330;2021-04-30T00:00:00.000Z;325;4.8
330;2021-05-01T00:00:00.000Z;314;5.2
330;2021-05-02T00:00:00.000Z;307;4.9
330;2021-05-03T00:00:00.000Z;216;7.5
330;2021-05-04T00:00:00.000Z;251;12.7
330;2021-05-05T00:00:00.000Z;284;8.6
330;2021-05-06T00:00:00.000Z;281;3.6
330;2021-05-07T00:00:00.000Z;276;3.7
330;2021-05-08T00:00:00.000Z;169;7.0
330;2021-05-09T00:00:00.000Z;179;4.9
330;2021-05-10T00:00:00.000Z;210;4.7
330;2021-05-11T00:00:00.000Z;337;1.4
330;2021-05-12T00:00:00.000Z;240;1.7
330;2021-05-13T00:00:00.000Z;52;1.8
330;2021-05-14T00:00:00.000Z;1;4.3
330;2021-05-15T00:00:00.000Z;199;1.6
330;2021-05-16T00:00:00.000Z;228;5.4
330;2021-05-17T00:00:00.000Z;255;3.4
330;2021-05-18T00:00:00.000Z;266;4.7
330;2021-05-19T00:00:00.000Z;265;4.0
330;2021-05-20T00:00:00.000Z;195;6.4
330;2021-05-21T00:00:00.000Z;219;14.4
330;2021-05-22T00:00:00.000Z;261;7.1
330;2021-05-23T00:00:00.000Z;218;5.4
330;2021-05-24T00:00:00.000Z;191;6.7
330;2021-05-25T00:00:00.000Z;259;7.4
330;2021-05-26T00:00:00.000Z;275;8.3
330;2021-05-27T00:00:00.000Z;320;8.1
330;2021-05-28T00:00:00.000Z;28;3.2
330;2021-05-29T00:00:00.000Z;29;6.1
330;2021-05-30T00:00:00.000Z;34;5.8
330;2021-05-31T00:00:00.000Z;35;4.6
330;2021-06-01T00:00:00.000Z;89;4.2
330;2021-06-02T00:00:00.000Z;75;2.6
330;2021-06-03T00:00:00.000Z;227;4.4
330;2021-06-04T00:00:00.000Z;7;3.5
330;2021-06-05T00:00:00.000Z;331;6.2
330;2021-06-06T00:00:00.000Z;354;4.8
330;2021-06-07T00:00:00.000Z;21;4.7
330;2021-06-08T00:00:00.000Z;354;1.8
330;2021-06-09T00:00:00.000Z;256;3.2
330;2021-06-10T00:00:00.000Z;247;3.0
330;2021-06-11T00:00:00.000Z;220;5.1
330;2021-06-12T00:00:00.000Z;312;4.6
330;2021-06-13T00:00:00.000Z;348;2.0
330;2021-06-14T00:00:00.000Z;328;1.2
330;2021-06-15T00:00:00.000Z;26;6.0
330;2021-06-16T00:00:00.000Z;96;3.1
330;2021-06-17T00:00:00.000Z;200;0.1
330;2021-06-18T00:00:00.000Z;104;1.5
330;2021-06-19T00:00:00.000Z;306;3.0
330;2021-06-20T00:00:00.000Z;13;4.5
330;2021-06-21T00:00:00.000Z;34;10.0
330;2021-06-22T00:00:00.000Z;21;9.7
330;2021-06-23T00:00:00.000Z;23;6.3
330;2021-06-24T00:00:00.000Z;358;1.9
330;2021-06-25T00:00:00.000Z;212;5.4
330;2021-06-26T00:00:00.000Z;18;2.6
330;2021-06-27T00:00:00.000Z;64;4.6
330;2021-06-28T00:00:00.000Z;13;1.7
330;2021-06-29T00:00:00.000Z;359;6.7
330;2021-06-30T00:00:00.000Z;338;7.9
330;2021-07-01T00:00:00.000Z;285;7.4
330;2021-07-02T00:00:00.000Z;303;2.4
330;2021-07-03T00:00:00.000Z;154;2.0
330;2021-07-04T00:00:00.000Z;220;3.0
330;2021-07-05T00:00:00.000Z;191;4.8
330;2021-07-06T00:00:00.000Z;205;10.5
330;2021-07-07T00:00:00.000Z;214;5.2
330;2021-07-08T00:00:00.000Z;247;3.4
330;2021-07-09T00:00:00.000Z;258;2.5
330;2021-07-10T00:00:00.000Z;32;0.9
330;2021-07-11T00:00:00.000Z;346;1.1
330;2021-07-12T00:00:00.000Z;39;2.7
330;2021-07-13T00:00:00.000Z;357;8.5
330;2021-07-14T00:00:00.000Z;340;10.9
330;2021-07-15T00:00:00.000Z;355;12.2
330;2021-07-16T00:00:00.000Z;357;8.6
330;2021-07-17T00:00:00.000Z;7;6.6
330;2021-07-18T00:00:00.000Z;343;3.0
330;2021-07-19T00:00:00.000Z;41;4.0
330;2021-07-20T00:00:00.000Z;43;2.7
330;2021-07-21T00:00:00.000Z;7;1.7
330;2021-07-22T00:00:00.000Z;18;6.4
330;2021-07-23T00:00:00.000Z;47;4.6
330;2021-07-24T00:00:00.000Z;88;3.4
330;2021-07-25T00:00:00.000Z;92;0.3
330;2021-07-26T00:00:00.000Z;274;1.9
330;2021-07-27T00:00:00.000Z;204;5.7
330;2021-07-28T00:00:00.000Z;219;9.8
330;2021-07-29T00:00:00.000Z;241;9.8
330;2021-07-30T00:00:00.000Z;209;8.2
330;2021-07-31T00:00:00.000Z;259;8.9
330;2021-08-01T00:00:00.000Z;308;4.8
330;2021-08-02T00:00:00.000Z;328;3.5
330;2021-08-03T00:00:00.000Z;35;3.5
330;2021-08-04T00:00:00.000Z;72;2.4
330;2021-08-05T00:00:00.000Z;142;2.0
330;2021-08-06T00:00:00.000Z;212;9.8
330;2021-08-07T00:00:00.000Z;195;6.9
330;2021-08-08T00:00:00.000Z;230;11.3
330;2021-08-09T00:00:00.000Z;216;8.7
330;2021-08-10T00:00:00.000Z;239;5.1
330;2021-08-11T00:00:00.000Z;216;3.7
330;2021-08-12T00:00:00.000Z;242;3.2
330;2021-08-13T00:00:00.000Z;242;6.8
330;2021-08-14T00:00:00.000Z;231;4.6
330;2021-08-15T00:00:00.000Z;234;7.6
330;2021-08-16T00:00:00.000Z;297;11.0
330;2021-08-17T00:00:00.000Z;280;7.8
330;2021-08-18T00:00:00.000Z;271;6.1
330;2021-08-19T00:00:00.000Z;251;5.9
330;2021-08-20T00:00:00.000Z;247;3.9
330;2021-08-21T00:00:00.000Z;107;1.1
330;2021-08-22T00:00:00.000Z;314;5.1
330;2021-08-23T00:00:00.000Z;23;10.3
330;2021-08-24T00:00:00.000Z;29;7.9
330;2021-08-25T00:00:00.000Z;360;5.8
330;2021-08-26T00:00:00.000Z;354;9.3
330;2021-08-27T00:00:00.000Z;357;9.5
330;2021-08-28T00:00:00.000Z;14;10.9
330;2021-08-29T00:00:00.000Z;2;10.3
330;2021-08-30T00:00:00.000Z;13;9.6
330;2021-08-31T00:00:00.000Z;15;8.2
330;2021-09-01T00:00:00.000Z;18;5.7
330;2021-09-02T00:00:00.000Z;40;4.8
330;2021-09-03T00:00:00.000Z;37;6.4
330;2021-09-04T00:00:00.000Z;56;5.0
330;2021-09-05T00:00:00.000Z;57;3.4
330;2021-09-06T00:00:00.000Z;60;1.2
330;2021-09-07T00:00:00.000Z;97;2.1
330;2021-09-08T00:00:00.000Z;110;4.0
330;2021-09-09T00:00:00.000Z;186;2.9
330;2021-09-10T00:00:00.000Z;216;4.7
330;2021-09-11T00:00:00.000Z;237;6.7
330;2021-09-12T00:00:00.000Z;300;2.5
330;2021-09-13T00:00:00.000Z;54;2.7
330;2021-09-14T00:00:00.000Z;128;3.6
330;2021-09-15T00:00:00.000Z;305;6.0
330;2021-09-16T00:00:00.000Z;287;4.9
330;2021-09-17T00:00:00.000Z;226;1.8
330;2021-09-18T00:00:00.000Z;109;3.5
330;2021-09-19T00:00:00.000Z;100;3.1
330;2021-09-20T00:00:00.000Z;82;5.0
330;2021-09-21T00:00:00.000Z;232;1.5
330;2021-09-22T00:00:00.000Z;215;4.5
330;2021-09-23T00:00:00.000Z;259;6.7
330;2021-09-24T00:00:00.000Z;232;6.7
330;2021-09-25T00:00:00.000Z;194;2.0
330;2021-09-26T00:00:00.000Z;184;3.8
330;2021-09-27T00:00:00.000Z;214;6.8
330;2021-09-28T00:00:00.000Z;181;6.6
330;2021-09-29T00:00:00.000Z;272;8.4
330;2021-09-30T00:00:00.000Z;221;8.2
330;2021-10-01T00:00:00.000Z;195;8.7
330;2021-10-02T00:00:00.000Z;174;8.3
330;2021-10-03T00:00:00.000Z;212;7.1
330;2021-10-04T00:00:00.000Z;190;8.5
330;2021-10-05T00:00:00.000Z;202;7.4
330;2021-10-06T00:00:00.000Z;289;11.8
330;2021-10-07T00:00:00.000Z;311;1.8
330;2021-10-08T00:00:00.000Z;98;2.6
330;2021-10-09T00:00:00.000Z;102;2.9
330;2021-10-10T00:00:00.000Z;339;3.4
330;2021-10-11T00:00:00.000Z;325;8.0
330;2021-10-12T00:00:00.000Z;333;8.7
330;2021-10-13T00:00:00.000Z;299;5.2
330;2021-10-14T00:00:00.000Z;257;6.5
330;2021-10-15T00:00:00.000Z;329;5.7
330;2021-10-16T00:00:00.000Z;207;3.7
330;2021-10-17T00:00:00.000Z;189;6.2
330;2021-10-18T00:00:00.000Z;181;6.9
330;2021-10-19T00:00:00.000Z;203;8.4
330;2021-10-20T00:00:00.000Z;209;9.7
330;2021-10-21T00:00:00.000Z;293;12.1
330;2021-10-22T00:00:00.000Z;292;11.0
330;2021-10-23T00:00:00.000Z;204;3.7
330;2021-10-24T00:00:00.000Z;182;6.3
330;2021-10-25T00:00:00.000Z;196;6.8
330;2021-10-26T00:00:00.000Z;217;7.4
330;2021-10-27T00:00:00.000Z;205;8.3
330;2021-10-28T00:00:00.000Z;173;8.3
330;2021-10-29T00:00:00.000Z;175;9.4
330;2021-10-30T00:00:00.000Z;174;7.2
330;2021-10-31T00:00:00.000Z;177;7.9
330;2021-11-01T00:00:00.000Z;198;10.0
330;2021-11-02T00:00:00.000Z;208;4.0
330;2021-11-03T00:00:00.000Z;162;0.3
330;2021-11-04T00:00:00.000Z;350;6.9
330;2021-11-05T00:00:00.000Z;303;5.5
330;2021-11-06T00:00:00.000Z;232;8.5
330;2021-11-07T00:00:00.000Z;294;11.3
330;2021-11-08T00:00:00.000Z;267;3.6
330;2021-11-09T00:00:00.000Z;191;6.5
330;2021-11-10T00:00:00.000Z;193;4.7
330;2021-11-11T00:00:00.000Z;190;4.1
330;2021-11-12T00:00:00.000Z;187;7.8
330;2021-11-13T00:00:00.000Z;309;4.6
330;2021-11-14T00:00:00.000Z;70;4.3
330;2021-11-15T00:00:00.000Z;67;4.2
330;2021-11-16T00:00:00.000Z;166;3.3
330;2021-11-17T00:00:00.000Z;276;5.8
330;2021-11-18T00:00:00.000Z;249;7.0
330;2021-11-19T00:00:00.000Z;261;5.8
330;2021-11-20T00:00:00.000Z;246;5.4
330;2021-11-21T00:00:00.000Z;7;8.8
330;2021-11-22T00:00:00.000Z;50;4.5
330;2021-11-23T00:00:00.000Z;8;2.8
330;2021-11-24T00:00:00.000Z;175;4.2
330;2021-11-25T00:00:00.000Z;328;6.6
330;2021-11-26T00:00:00.000Z;266;4.7
330;2021-11-27T00:00:00.000Z;186;2.5
330;2021-11-28T00:00:00.000Z;29;3.9
330;2021-11-29T00:00:00.000Z;313;9.2
330;2021-11-30T00:00:00.000Z;267;10.9
330;2021-12-01T00:00:00.000Z;278;9.3
330;2021-12-02T00:00:00.000Z;343;7.1
330;2021-12-03T00:00:00.000Z;208;8.6
330;2021-12-04T00:00:00.000Z;238;6.1
330;2021-12-05T00:00:00.000Z;163;2.6
330;2021-12-06T00:00:00.000Z;176;4.6
330;2021-12-07T00:00:00.000Z;183;5.2
330;2021-12-08T00:00:00.000Z;194;9.7
330;2021-12-09T00:00:00.000Z;191;7.3
330;2021-12-10T00:00:00.000Z;130;3.0
330;2021-12-11T00:00:00.000Z;257;3.9
330;2021-12-12T00:00:00.000Z;216;7.7
330;2021-12-13T00:00:00.000Z;200;6.2
330;2021-12-14T00:00:00.000Z;218;6.9
330;2021-12-15T00:00:00.000Z;227;5.5
330;2021-12-16T00:00:00.000Z;273;3.0
330;2021-12-17T00:00:00.000Z;57;3.3
330;2021-12-18T00:00:00.000Z;52;2.0
330;2021-12-19T00:00:00.000Z;353;5.7
330;2021-12-20T00:00:00.000Z;70;2.9
330;2021-12-21T00:00:00.000Z;114;3.1
330;2021-12-22T00:00:00.000Z;157;4.9
330;2021-12-23T00:00:00.000Z;206;7.8
330;2021-12-24T00:00:00.000Z;263;4.0
330;2021-12-25T00:00:00.000Z;84;7.6
330;2021-12-26T00:00:00.000Z;108;6.5
330;2021-12-27T00:00:00.000Z;151;5.9
330;2021-12-28T00:00:00.000Z;236;6.5
330;2021-12-29T00:00:00.000Z;227;6.4
330;2021-12-30T00:00:00.000Z;227;11.4
330;2021-12-31T00:00:00.000Z;219;9.7
330;2022-01-01T00:00:00.000Z;194;8.0
330;2022-01-02T00:00:00.000Z;220;9.7
330;2022-01-03T00:00:00.000Z;227;9.3
330;2022-01-04T00:00:00.000Z;293;5.2
330;2022-01-05T00:00:00.000Z;299;12.1
330;2022-01-06T00:00:00.000Z;223;4.5
330;2022-01-07T00:00:00.000Z;246;7.6
330;2022-01-08T00:00:00.000Z;217;6.2
330;2022-01-09T00:00:00.000Z;284;8.2
330;2022-01-10T00:00:00.000Z;179;4.4
330;2022-01-11T00:00:00.000Z;187;6.1
330;2022-01-12T00:00:00.000Z;192;1.9
330;2022-01-13T00:00:00.000Z;213;4.6
330;2022-01-14T00:00:00.000Z;315;0.8
330;2022-01-15T00:00:00.000Z;154;4.1
330;2022-01-16T00:00:00.000Z;268;5.7
330;2022-01-17T00:00:00.000Z;302;5.8
330;2022-01-18T00:00:00.000Z;219;1.6
330;2022-01-19T00:00:00.000Z;296;4.7
330;2022-01-20T00:00:00.000Z;342;11.8
330;2022-01-21T00:00:00.000Z;319;7.1
330;2022-01-22T00:00:00.000Z;291;4.3
330;2022-01-23T00:00:00.000Z;199;1.7
330;2022-01-24T00:00:00.000Z;104;1.6
330;2022-01-25T00:00:00.000Z;61;1.2
330;2022-01-26T00:00:00.000Z;245;5.7
330;2022-01-27T00:00:00.000Z;272;8.5
330;2022-01-28T00:00:00.000Z;253;4.9
330;2022-01-29T00:00:00.000Z;258;9.5
330;2022-01-30T00:00:00.000Z;294;4.7
330;2022-01-31T00:00:00.000Z;313;16.0
330;2022-02-01T00:00:00.000Z;271;9.6
330;2022-02-02T00:00:00.000Z;267;5.7
330;2022-02-03T00:00:00.000Z;220;7.6
330;2022-02-04T00:00:00.000Z;255;9.2
330;2022-02-05T00:00:00.000Z;245;11.3
330;2022-02-06T00:00:00.000Z;267;12.0
330;2022-02-07T00:00:00.000Z;275;7.9
330;2022-02-08T00:00:00.000Z;229;9.5
330;2022-02-09T00:00:00.000Z;226;8.5
330;2022-02-10T00:00:00.000Z;276;5.5
330;2022-02-11T00:00:00.000Z;316;6.5
330;2022-02-12T00:00:00.000Z;185;8.2
330;2022-02-13T00:00:00.000Z;184;11.2
330;2022-02-14T00:00:00.000Z;217;9.3
330;2022-02-15T00:00:00.000Z;225;8.4
330;2022-02-16T00:00:00.000Z;226;13.7
330;2022-02-17T00:00:00.000Z;257;12.4
330;2022-02-18T00:00:00.000Z;233;13.8
330;2022-02-19T00:00:00.000Z;255;12.1
330;2022-02-20T00:00:00.000Z;234;12.9
330;2022-02-21T00:00:00.000Z;284;14.5
330;2022-02-22T00:00:00.000Z;254;8.2
330;2022-02-23T00:00:00.000Z;226;7.2
330;2022-02-24T00:00:00.000Z;248;8.7
330;2022-02-25T00:00:00.000Z;289;9.0
330;2022-02-26T00:00:00.000Z;146;3.9
330;2022-02-27T00:00:00.000Z;130;7.8
330;2022-02-28T00:00:00.000Z;160;6.3
330;2022-03-01T00:00:00.000Z;132;2.1
330;2022-03-02T00:00:00.000Z;95;4.2
330;2022-03-03T00:00:00.000Z;108;5.4
330;2022-03-04T00:00:00.000Z;111;5.4
330;2022-03-05T00:00:00.000Z;53;4.7
330;2022-03-06T00:00:00.000Z;42;8.3
330;2022-03-07T00:00:00.000Z;94;5.2
330;2022-03-08T00:00:00.000Z;133;7.3
330;2022-03-09T00:00:00.000Z;143;5.5
330;2022-03-10T00:00:00.000Z;134;5.6
330;2022-03-11T00:00:00.000Z;139;8.4
330;2022-03-12T00:00:00.000Z;168;7.5
330;2022-03-13T00:00:00.000Z;161;8.2
330;2022-03-14T00:00:00.000Z;215;4.6
330;2022-03-15T00:00:00.000Z;143;1.6
330;2022-03-16T00:00:00.000Z;131;7.1
330;2022-03-17T00:00:00.000Z;279;5.4
330;2022-03-18T00:00:00.000Z;51;2.8
330;2022-03-19T00:00:00.000Z;79;8.2
330;2022-03-20T00:00:00.000Z;110;3.6
330;2022-03-21T00:00:00.000Z;106;1.7
330;2022-03-22T00:00:00.000Z;93;2.3
330;2022-03-23T00:00:00.000Z;20;1.0
330;2022-03-24T00:00:00.000Z;11;1.8
330;2022-03-25T00:00:00.000Z;26;5.0
330;2022-03-26T00:00:00.000Z;28;4.5
330;2022-03-27T00:00:00.000Z;31;5.2
330;2022-03-28T00:00:00.000Z;20;2.4
330;2022-03-29T00:00:00.000Z;69;4.1
330;2022-03-30T00:00:00.000Z;40;6.1
330;2022-03-31T00:00:00.000Z;32;11.7
330;2022-04-01T00:00:00.000Z;38;14.3
330;2022-04-02T00:00:00.000Z;32;8.7
330;2022-04-03T00:00:00.000Z;288;2.7
330;2022-04-04T00:00:00.000Z;246;11.5
330;2022-04-05T00:00:00.000Z;250;8.4
330;2022-04-06T00:00:00.000Z;221;12.2
330;2022-04-07T00:00:00.000Z;258;12.4
330;2022-04-08T00:00:00.000Z;307;7.3
330;2022-04-09T00:00:00.000Z;300;9.0
330;2022-04-10T00:00:00.000Z;313;2.7
330;2022-04-11T00:00:00.000Z;112;6.3
330;2022-04-12T00:00:00.000Z;149;3.9
330;2022-04-13T00:00:00.000Z;221;3.7
330;2022-04-14T00:00:00.000Z;285;1.9
330;2022-04-15T00:00:00.000Z;42;3.8
330;2022-04-16T00:00:00.000Z;96;5.0
330;2022-04-17T00:00:00.000Z;120;5.0
330;2022-04-18T00:00:00.000Z;132;1.3
330;2022-04-19T00:00:00.000Z;26;4.5
330;2022-04-20T00:00:00.000Z;46;5.6
330;2022-04-21T00:00:00.000Z;52;6.5
330;2022-04-22T00:00:00.000Z;69;7.6
330;2022-04-23T00:00:00.000Z;78;8.9
330;2022-04-24T00:00:00.000Z;26;9.4
330;2022-04-25T00:00:00.000Z;32;7.3
330;2022-04-26T00:00:00.000Z;12;8.0
330;2022-04-27T00:00:00.000Z;16;5.3
330;2022-04-28T00:00:00.000Z;30;6.3
330;2022-04-29T00:00:00.000Z;30;7.9
330;2022-04-30T00:00:00.000Z;356;6.0
330;2022-05-01T00:00:00.000Z;17;2.0
330;2022-05-02T00:00:00.000Z;8;4.7
330;2022-05-03T00:00:00.000Z;7;5.8
330;2022-05-04T00:00:00.000Z;353;0.9
330;2022-05-05T00:00:00.000Z;289;1.7
330;2022-05-06T00:00:00.000Z;227;3.2
330;2022-05-07T00:00:00.000Z;354;4.9
330;2022-05-08T00:00:00.000Z;28;7.7
330;2022-05-09T00:00:00.000Z;71;1.0
330;2022-05-10T00:00:00.000Z;218;7.5
330;2022-05-11T00:00:00.000Z;236;8.7
330;2022-05-12T00:00:00.000Z;245;6.8
330;2022-05-13T00:00:00.000Z;241;8.3
330;2022-05-14T00:00:00.000Z;314;2.0
330;2022-05-15T00:00:00.000Z;99;5.3
330;2022-05-16T00:00:00.000Z;209;6.0
330;2022-05-17T00:00:00.000Z;318;0.6
330;2022-05-18T00:00:00.000Z;273;0.4
330;2022-05-19T00:00:00.000Z;236;1.0
330;2022-05-20T00:00:00.000Z;235;3.3
330;2022-05-21T00:00:00.000Z;264;5.9
330;2022-05-22T00:00:00.000Z;59;1.4
330;2022-05-23T00:00:00.000Z;302;1.8
330;2022-05-24T00:00:00.000Z;242;7.2
330;2022-05-25T00:00:00.000Z;229;9.7
330;2022-05-26T00:00:00.000Z;241;9.1
330;2022-05-27T00:00:00.000Z;290;7.9
330;2022-05-28T00:00:00.000Z;337;8.8
330;2022-05-29T00:00:00.000Z;349;8.1
330;2022-05-30T00:00:00.000Z;338;3.0
330;2022-05-31T00:00:00.000Z;166;0.4
330;2022-06-01T00:00:00.000Z;289;5.8
330;2022-06-02T00:00:00.000Z;21;5.2
330;2022-06-03T00:00:00.000Z;57;6.0
330;2022-06-04T00:00:00.000Z;43;8.0
330;2022-06-05T00:00:00.000Z;354;2.2
330;2022-06-06T00:00:00.000Z;250;8.5
330;2022-06-07T00:00:00.000Z;258;4.5
330;2022-06-08T00:00:00.000Z;209;6.1
330;2022-06-09T00:00:00.000Z;248;5.6
330;2022-06-10T00:00:00.000Z;219;6.9
330;2022-06-11T00:00:00.000Z;240;7.0
330;2022-06-12T00:00:00.000Z;266;5.5
330;2022-06-13T00:00:00.000Z;309;5.7
330;2022-06-14T00:00:00.000Z;12;1.8
330;2022-06-15T00:00:00.000Z;33;4.9
330;2022-06-16T00:00:00.000Z;42;1.5
330;2022-06-17T00:00:00.000Z;196;5.3
330;2022-06-18T00:00:00.000Z;11;7.5
330;2022-06-19T00:00:00.000Z;8;8.5
330;2022-06-20T00:00:00.000Z;354;6.6
330;2022-06-21T00:00:00.000Z;36;3.2
330;2022-06-22T00:00:00.000Z;21;6.0
330;2022-06-23T00:00:00.000Z;89;1.2
330;2022-06-24T00:00:00.000Z;218;3.3
330;2022-06-25T00:00:00.000Z;215;2.3
330;2022-06-26T00:00:00.000Z;197;2.6
330;2022-06-27T00:00:00.000Z;238;3.0
330;2022-06-28T00:00:00.000Z;176;1.3
330;2022-06-29T00:00:00.000Z;18;1.2
330;2022-06-30T00:00:00.000Z;270;4.2
330;2022-07-01T00:00:00.000Z;228;6.8
330;2022-07-02T00:00:00.000Z;211;4.4
330;2022-07-03T00:00:00.000Z;258;5.2
330;2022-07-04T00:00:00.000Z;285;4.0
330;2022-07-05T00:00:00.000Z;318;4.7
330;2022-07-06T00:00:00.000Z;269;5.0
330;2022-07-07T00:00:00.000Z;334;10.1
330;2022-07-08T00:00:00.000Z;295;4.0
330;2022-07-09T00:00:00.000Z;346;6.1
330;2022-07-10T00:00:00.000Z;312;4.7
330;2022-07-11T00:00:00.000Z;19;3.6
330;2022-07-12T00:00:00.000Z;186;2.6
330;2022-07-13T00:00:00.000Z;332;3.0
330;2022-07-14T00:00:00.000Z;356;4.4
330;2022-07-15T00:00:00.000Z;287;3.6
330;2022-07-16T00:00:00.000Z;3;5.1
330;2022-07-17T00:00:00.000Z;84;1.1
330;2022-07-18T00:00:00.000Z;102;1.1
330;2022-07-19T00:00:00.000Z;126;5.3
330;2022-07-20T00:00:00.000Z;223;6.0
330;2022-07-21T00:00:00.000Z;322;6.9
330;2022-07-22T00:00:00.000Z;11;4.6
330;2022-07-23T00:00:00.000Z;3;0.2
330;2022-07-24T00:00:00.000Z;214;4.5
330;2022-07-25T00:00:00.000Z;242;7.7
330;2022-07-26T00:00:00.000Z;347;7.2
330;2022-07-27T00:00:00.000Z;12;5.5
330;2022-07-28T00:00:00.000Z;70;5.9
330;2022-07-29T00:00:00.000Z;14;4.8
330;2022-07-30T00:00:00.000Z;281;2.4
330;2022-07-31T00:00:00.000Z;237;6.5
330;2022-08-01T00:00:00.000Z;16;4.5
330;2022-08-02T00:00:00.000Z;213;6.7
330;2022-08-03T00:00:00.000Z;221;4.8
330;2022-08-04T00:00:00.000Z;332;3.8
330;2022-08-05T00:00:00.000Z;344;6.1
330;2022-08-06T00:00:00.000Z;344;4.0
330;2022-08-07T00:00:00.000Z;358;3.5
330;2022-08-08T00:00:00.000Z;26;4.6
330;2022-08-09T00:00:00.000Z;26;6.6
330;2022-08-10T00:00:00.000Z;32;5.4
330;2022-08-11T00:00:00.000Z;44;4.3
330;2022-08-12T00:00:00.000Z;41;3.6
330;2022-08-13T00:00:00.000Z;74;3.3
330;2022-08-14T00:00:00.000Z;57;2.8
330;2022-08-15T00:00:00.000Z;218;3.6
330;2022-08-16T00:00:00.000Z;229;1.8
330;2022-08-17T00:00:00.000Z;10;5.0
330;2022-08-18T00:00:00.000Z;357;3.0
330;2022-08-19T00:00:00.000Z;253;3.6
330;2022-08-20T00:00:00.000Z;251;2.9
330;2022-08-21T00:00:00.000Z;240;2.8
330;2022-08-22T00:00:00.000Z;92;2.8
330;2022-08-23T00:00:00.000Z;240;2.4
330;2022-08-24T00:00:00.000Z;37;0.8
330;2022-08-25T00:00:00.000Z;330;3.2
330;2022-08-26T00:00:00.000Z;351;7.6
330;2022-08-27T00:00:00.000Z;31;6.2
330;2022-08-28T00:00:00.000Z;34;6.6
330;2022-08-29T00:00:00.000Z;37;4.4
330;2022-08-30T00:00:00.000Z;40;7.6
330;2022-08-31T00:00:00.000Z;51;7.9
330;2022-09-01T00:00:00.000Z;81;5.6
330;2022-09-02T00:00:00.000Z;101;6.4
330;2022-09-03T00:00:00.000Z;90;2.0
330;2022-09-04T00:00:00.000Z;76;1.2
330;2022-09-05T00:00:00.000Z;131;2.7
330;2022-09-06T00:00:00.000Z;160;0.7
330;2022-09-07T00:00:00.000Z;168;3.3
330;2022-09-08T00:00:00.000Z;194;5.8
330;2022-09-09T00:00:00.000Z;195;6.4
330;2022-09-10T00:00:00.000Z;335;5.6
330;2022-09-11T00:00:00.000Z;73;0.9
330;2022-09-12T00:00:00.000Z;180;3.4
330;2022-09-13T00:00:00.000Z;14;3.9
330;2022-09-14T00:00:00.000Z;13;2.3
330;2022-09-15T00:00:00.000Z;326;8.9
330;2022-09-16T00:00:00.000Z;333;12.1
330;2022-09-17T00:00:00.000Z;328;13.0
330;2022-09-18T00:00:00.000Z;324;12.4
330;2022-09-19T00:00:00.000Z;335;8.2
330;2022-09-20T00:00:00.000Z;357;5.0
330;2022-09-21T00:00:00.000Z;135;0.9
330;2022-09-22T00:00:00.000Z;167;3.2
330;2022-09-23T00:00:00.000Z;202;4.8
330;2022-09-24T00:00:00.000Z;39;7.0
330;2022-09-25T00:00:00.000Z;322;2.0
330;2022-09-26T00:00:00.000Z;282;6.2
330;2022-09-27T00:00:00.000Z;313;7.9
330;2022-09-28T00:00:00.000Z;267;3.5
330;2022-09-29T00:00:00.000Z;96;0.7
330;2022-09-30T00:00:00.000Z;199;7.8
330;2022-10-01T00:00:00.000Z;258;9.3
330;2022-10-02T00:00:00.000Z;304;7.4
330;2022-10-03T00:00:00.000Z;225;2.7
330;2022-10-04T00:00:00.000Z;199;7.0
330;2022-10-05T00:00:00.000Z;221;9.5
330;2022-10-06T00:00:00.000Z;242;7.4
330;2022-10-07T00:00:00.000Z;213;7.5
330;2022-10-08T00:00:00.000Z;282;6.4
330;2022-10-09T00:00:00.000Z;152;5.1
330;2022-10-10T00:00:00.000Z;291;3.5
330;2022-10-11T00:00:00.000Z;283;1.1
330;2022-10-12T00:00:00.000Z;177;3.5
330;2022-10-13T00:00:00.000Z;201;2.7
330;2022-10-14T00:00:00.000Z;203;3.9
330;2022-10-15T00:00:00.000Z;205;7.0
330;2022-10-16T00:00:00.000Z;190;4.9
330;2022-10-17T00:00:00.000Z;205;5.4
330;2022-10-18T00:00:00.000Z;8;1.6
330;2022-10-19T00:00:00.000Z;93;6.5
330;2022-10-20T00:00:00.000Z;145;5.8
330;2022-10-21T00:00:00.000Z;177;5.7
330;2022-10-22T00:00:00.000Z;197;5.7
330;2022-10-23T00:00:00.000Z;147;6.5
330;2022-10-24T00:00:00.000Z;208;9.8
330;2022-10-25T00:00:00.000Z;198;5.0
330;2022-10-26T00:00:00.000Z;188;5.5
330;2022-10-27T00:00:00.000Z;167;6.6
330;2022-10-28T00:00:00.000Z;208;5.9
330;2022-10-29T00:00:00.000Z;162;4.4
330;2022-10-30T00:00:00.000Z;205;4.0
330;2022-10-31T00:00:00.000Z;144;5.3
330;2022-11-01T00:00:00.000Z;200;12.3
330;2022-11-02T00:00:00.000Z;211;9.2
330;2022-11-03T00:00:00.000Z;191;7.7
330;2022-11-04T00:00:00.000Z;305;3.6
330;2022-11-05T00:00:00.000Z;205;7.1
330;2022-11-06T00:00:00.000Z;189;10.7
330;2022-11-07T00:00:00.000Z;195;10.2
330;2022-11-08T00:00:00.000Z;185;9.3
330;2022-11-09T00:00:00.000Z;221;8.4
330;2022-11-10T00:00:00.000Z;210;8.0
330;2022-11-11T00:00:00.000Z;197;6.9
330;2022-11-12T00:00:00.000Z;152;3.4
330;2022-11-13T00:00:00.000Z;108;3.4
330;2022-11-14T00:00:00.000Z;146;4.7
330;2022-11-15T00:00:00.000Z;164;8.1
330;2022-11-16T00:00:00.000Z;154;7.6
330;2022-11-17T00:00:00.000Z;180;10.4
330;2022-11-18T00:00:00.000Z;180;5.4
330;2022-11-19T00:00:00.000Z;89;5.7
330;2022-11-20T00:00:00.000Z;127;0.6
330;2022-11-21T00:00:00.000Z;155;5.4
330;2022-11-22T00:00:00.000Z;180;8.9
330;2022-11-23T00:00:00.000Z;187;8.9
330;2022-11-24T00:00:00.000Z;191;8.1
330;2022-11-25T00:00:00.000Z;233;5.6
330;2022-11-26T00:00:00.000Z;185;7.0
330;2022-11-27T00:00:00.000Z;175;8.7
330;2022-11-28T00:00:00.000Z;203;4.0
330;2022-11-29T00:00:00.000Z;126;0.7
330;2022-11-30T00:00:00.000Z;76;1.3
330;2022-12-01T00:00:00.000Z;53;3.8
330;2022-12-02T00:00:00.000Z;58;7.4
330;2022-12-03T00:00:00.000Z;74;6.7
330;2022-12-04T00:00:00.000Z;74;6.4
330;2022-12-05T00:00:00.000Z;48;7.0
330;2022-12-06T00:00:00.000Z;350;3.6
330;2022-12-07T00:00:00.000Z;325;6.9
330;2022-12-08T00:00:00.000Z;316;4.6
330;2022-12-09T00:00:00.000Z;175;3.7
330;2022-12-10T00:00:00.000Z;187;6.1
330;2022-12-11T00:00:00.000Z;176;5.0
330;2022-12-12T00:00:00.000Z;156;3.8
330;2022-12-13T00:00:00.000Z;107;3.7
330;2022-12-14T00:00:00.000Z;87;1.6
330;2022-12-15T00:00:00.000Z;290;2.1
330;2022-12-16T00:00:00.000Z;58;3.1
330;2022-12-17T00:00:00.000Z;178;6.3
330;2022-12-18T00:00:00.000Z;152;7.5
330;2022-12-19T00:00:00.000Z;187;11.6
330;2022-12-20T00:00:00.000Z;192;7.7
330;2022-12-21T00:00:00.000Z;196;6.0
330;2022-12-22T00:00:00.000Z;227;4.8
330;2022-12-23T00:00:00.000Z;229;4.5
330;2022-12-24T00:00:00.000Z;216;6.0
330;2022-12-25T00:00:00.000Z;188;4.8
330;2022-12-26T00:00:00.000Z;253;8.1
330;2022-12-27T00:00:00.000Z;217;7.4
330;2022-12-28T00:00:00.000Z;201;12.2
330;2022-12-29T00:00:00.000Z;219;10.5
330;2022-12-30T00:00:00.000Z;195;10.5
330;2022-12-31T00:00:00.000Z;211;10.2
330;2023-01-01T00:00:00.000Z;204;8.4
330;2023-01-02T00:00:00.000Z;248;4.9
330;2023-01-03T00:00:00.000Z;186;8.5
330;2023-01-04T00:00:00.000Z;225;12.6
330;2023-01-05T00:00:00.000Z;241;7.9
330;2023-01-06T00:00:00.000Z;215;7.5
330;2023-01-07T00:00:00.000Z;183;10.9
330;2023-01-08T00:00:00.000Z;190;8.7
330;2023-01-09T00:00:00.000Z;261;7.2
330;2023-01-10T00:00:00.000Z;202;9.0
330;2023-01-11T00:00:00.000Z;232;9.7
330;2023-01-12T00:00:00.000Z;226;12.7
330;2023-01-13T00:00:00.000Z;248;11.9
330;2023-01-14T00:00:00.000Z;219;9.9
330;2023-01-15T00:00:00.000Z;236;11.4
330;2023-01-16T00:00:00.000Z;310;1.1
330;2023-01-17T00:00:00.000Z;276;5.2
330;2023-01-18T00:00:00.000Z;263;8.7
330;2023-01-19T00:00:00.000Z;289;6.3
330;2023-01-20T00:00:00.000Z;323;2.4
330;2023-01-21T00:00:00.000Z;61;3.3
330;2023-01-22T00:00:00.000Z;52;6.1
330;2023-01-23T00:00:00.000Z;70;4.2
330;2023-01-24T00:00:00.000Z;77;3.7
330;2023-01-25T00:00:00.000Z;180;3.7
330;2023-01-26T00:00:00.000Z;17;7.9
330;2023-01-27T00:00:00.000Z;43;7.5
330;2023-01-28T00:00:00.000Z;190;0.6
330;2023-01-29T00:00:00.000Z;224;7.0
330;2023-01-30T00:00:00.000Z;294;10.2
330;2023-01-31T00:00:00.000Z;259;8.5
330;2023-02-01T00:00:00.000Z;268;12.6
330;2023-02-02T00:00:00.000Z;260;9.5
330;2023-02-03T00:00:00.000Z;269;8.4
330;2023-02-04T00:00:00.000Z;254;1.4
330;2023-02-05T00:00:00.000Z;352;8.6
330;2023-02-06T00:00:00.000Z;33;2.5
330;2023-02-07T00:00:00.000Z;114;2.1
330;2023-02-08T00:00:00.000Z;158;3.0
330;2023-02-09T00:00:00.000Z;224;4.1
330;2023-02-10T00:00:00.000Z;221;5.6
330;2023-02-11T00:00:00.000Z;265;5.0
330;2023-02-12T00:00:00.000Z;165;1.2
330;2023-02-13T00:00:00.000Z;116;2.2
330;2023-02-14T00:00:00.000Z;168;1.8
330;2023-02-15T00:00:00.000Z;186;4.6
330;2023-02-16T00:00:00.000Z;211;7.2
330;2023-02-17T00:00:00.000Z;230;10.8
330;2023-02-18T00:00:00.000Z;233;10.0
330;2023-02-19T00:00:00.000Z;269;6.2
330;2023-02-20T00:00:00.000Z;230;10.1
330;2023-02-21T00:00:00.000Z;216;4.5
330;2023-02-22T00:00:00.000Z;183;2.9
330;2023-02-23T00:00:00.000Z;353;4.8
330;2023-02-24T00:00:00.000Z;315;7.6
330;2023-02-25T00:00:00.000Z;12;9.7
330;2023-02-26T00:00:00.000Z;43;8.5
330;2023-02-27T00:00:00.000Z;55;5.8
330;2023-02-28T00:00:00.000Z;62;4.3
330;2023-03-01T00:00:00.000Z;57;5.0
330;2023-03-02T00:00:00.000Z;40;7.9
330;2023-03-03T00:00:00.000Z;22;5.5
330;2023-03-04T00:00:00.000Z;353;6.9
330;2023-03-05T00:00:00.000Z;318;4.5
330;2023-03-06T00:00:00.000Z;260;5.6
330;2023-03-07T00:00:00.000Z;307;6.8
330;2023-03-08T00:00:00.000Z;83;5.0
330;2023-03-09T00:00:00.000Z;85;5.1
330;2023-03-10T00:00:00.000Z;4;7.7
330;2023-03-11T00:00:00.000Z;330;1.8
330;2023-03-12T00:00:00.000Z;209;7.5
330;2023-03-13T00:00:00.000Z;218;12.6
330;2023-03-14T00:00:00.000Z;300;6.8
330;2023-03-15T00:00:00.000Z;207;2.0
330;2023-03-16T00:00:00.000Z;171;8.9
330;2023-03-17T00:00:00.000Z;188;4.1
330;2023-03-18T00:00:00.000Z;183;5.5
330;2023-03-19T00:00:00.000Z;233;3.8
330;2023-03-20T00:00:00.000Z;215;7.5
330;2023-03-21T00:00:00.000Z;205;7.1
330;2023-03-22T00:00:00.000Z;196;10.2
330;2023-03-23T00:00:00.000Z;210;9.2
330;2023-03-24T00:00:00.000Z;223;11.3
330;2023-03-25T00:00:00.000Z;235;10.3
330;2023-03-26T00:00:00.000Z;15;5.7
330;2023-03-27T00:00:00.000Z;331;8.5
330;2023-03-28T00:00:00.000Z;187;6.6
330;2023-03-29T00:00:00.000Z;197;6.6
330;2023-03-30T00:00:00.000Z;224;10.6
330;2023-03-31T00:00:00.000Z;207;8.8
330;2023-04-01T00:00:00.000Z;339;7.9
330;2023-04-02T00:00:00.000Z;40;8.5
330;2023-04-03T00:00:00.000Z;86;6.0
330;2023-04-04T00:00:00.000Z;47;3.3
330;2023-04-05T00:00:00.000Z;95;0.5
330;2023-04-06T00:00:00.000Z;197;4.4
330;2023-04-07T00:00:00.000Z;325;6.6
330;2023-04-08T00:00:00.000Z;12;3.6
330;2023-04-09T00:00:00.000Z;96;2.2
330;2023-04-10T00:00:00.000Z;189;8.1
330;2023-04-11T00:00:00.000Z;237;7.8
330;2023-04-12T00:00:00.000Z;204;8.8
330;2023-04-13T00:00:00.000Z;242;9.2
330;2023-04-14T00:00:00.000Z;152;4.2
330;2023-04-15T00:00:00.000Z;16;7.0
330;2023-04-16T00:00:00.000Z;355;7.2
330;2023-04-17T00:00:00.000Z;21;7.2
330;2023-04-18T00:00:00.000Z;67;7.0
330;2023-04-19T00:00:00.000Z;59;8.3
330;2023-04-20T00:00:00.000Z;51;7.9
330;2023-04-21T00:00:00.000Z;101;4.0
330;2023-04-22T00:00:00.000Z;187;1.3
330;2023-04-23T00:00:00.000Z;187;4.1
330;2023-04-24T00:00:00.000Z;306;10.1
330;2023-04-25T00:00:00.000Z;339;7.1
330;2023-04-26T00:00:00.000Z;353;2.9
330;2023-04-27T00:00:00.000Z;113;5.1
330;2023-04-28T00:00:00.000Z;259;2.2
330;2023-04-29T00:00:00.000Z;7;5.5
330;2023-04-30T00:00:00.000Z;60;2.7
330;2023-05-01T00:00:00.000Z;322;2.2
330;2023-05-02T00:00:00.000Z;19;6.8
330;2023-05-03T00:00:00.000Z;68;4.8
330;2023-05-04T00:00:00.000Z;98;4.3
330;2023-05-05T00:00:00.000Z;204;2.8
330;2023-05-06T00:00:00.000Z;75;0.9
330;2023-05-07T00:00:00.000Z;18;0.7
330;2023-05-08T00:00:00.000Z;209;2.5
330;2023-05-09T00:00:00.000Z;195;4.5
330;2023-05-10T00:00:00.000Z;284;3.1
330;2023-05-11T00:00:00.000Z;7;2.6
330;2023-05-12T00:00:00.000Z;18;8.2
330;2023-05-13T00:00:00.000Z;9;8.5
330;2023-05-14T00:00:00.000Z;356;5.5
330;2023-05-15T00:00:00.000Z;337;7.9
330;2023-05-16T00:00:00.000Z;331;6.9
330;2023-05-17T00:00:00.000Z;6;6.5
330;2023-05-18T00:00:00.000Z;35;5.4
330;2023-05-19T00:00:00.000Z;21;6.7
330;2023-05-20T00:00:00.000Z;21;8.1
330;2023-05-21T00:00:00.000Z;4;8.1
330;2023-05-22T00:00:00.000Z;336;5.4
330;2023-05-23T00:00:00.000Z;1;9.3
330;2023-05-24T00:00:00.000Z;360;5.1
330;2023-05-25T00:00:00.000Z;26;7.9
330;2023-05-26T00:00:00.000Z;34;8.0
330;2023-05-27T00:00:00.000Z;29;6.2
330;2023-05-28T00:00:00.000Z;21;9.6
330;2023-05-29T00:00:00.000Z;27;11.1
330;2023-05-30T00:00:00.000Z;27;9.1
330;2023-05-31T00:00:00.000Z;24;9.5
330;2023-06-01T00:00:00.000Z;22;8.9
330;2023-06-02T00:00:00.000Z;17;8.9
330;2023-06-03T00:00:00.000Z;27;6.7
330;2023-06-04T00:00:00.000Z;22;8.9
330;2023-06-05T00:00:00.000Z;22;9.5
330;2023-06-06T00:00:00.000Z;22;10.0
330;2023-06-07T00:00:00.000Z;24;8.9
330;2023-06-08T00:00:00.000Z;23;8.4
330;2023-06-09T00:00:00.000Z;41;5.2
330;2023-06-10T00:00:00.000Z;78;5.8
330;2023-06-11T00:00:00.000Z;101;4.0
330;2023-06-12T00:00:00.000Z;64;5.2
330;2023-06-13T00:00:00.000Z;57;6.6
330;2023-06-14T00:00:00.000Z;60;4.8
330;2023-06-15T00:00:00.000Z;23;4.1
330;2023-06-16T00:00:00.000Z;21;4.4
330;2023-06-17T00:00:00.000Z;34;3.8
330;2023-06-18T00:00:00.000Z;130;4.6
330;2023-06-19T00:00:00.000Z;234;3.5
330;2023-06-20T00:00:00.000Z;165;3.3
330;2023-06-21T00:00:00.000Z;246;3.4
330;2023-06-22T00:00:00.000Z;3;5.3
330;2023-06-23T00:00:00.000Z;297;2.3
330;2023-06-24T00:00:00.000Z;258;1.7
330;2023-06-25T00:00:00.000Z;165;1.1
330;2023-06-26T00:00:00.000Z;266;7.3
330;2023-06-27T00:00:00.000Z;283;3.7
330;2023-06-28T00:00:00.000Z;220;4.6
330;2023-06-29T00:00:00.000Z;282;3.5
330;2023-06-30T00:00:00.000Z;233;7.0
330;2023-07-01T00:00:00.000Z;244;6.8
330;2023-07-02T00:00:00.000Z;263;8.7
330;2023-07-03T00:00:00.000Z;253;10.0
330;2023-07-04T00:00:00.000Z;247;4.1
330;2023-07-05T00:00:00.000Z;250;11.0
330;2023-07-06T00:00:00.000Z;244;4.0
330;2023-07-07T00:00:00.000Z;120;4.9
330;2023-07-08T00:00:00.000Z;71;2.6
330;2023-07-09T00:00:00.000Z;325;2.2
330;2023-07-10T00:00:00.000Z;258;3.0
330;2023-07-11T00:00:00.000Z;225;5.6
330;2023-07-12T00:00:00.000Z;244;8.6
330;2023-07-13T00:00:00.000Z;249;7.1
330;2023-07-14T00:00:00.000Z;166;4.9
330;2023-07-15T00:00:00.000Z;218;8.7
330;2023-07-16T00:00:00.000Z;224;11.3
330;2023-07-17T00:00:00.000Z;244;8.2
330;2023-07-18T00:00:00.000Z;235;2.7
330;2023-07-19T00:00:00.000Z;290;4.0
330;2023-07-20T00:00:00.000Z;349;3.1
330;2023-07-21T00:00:00.000Z;276;3.7
330;2023-07-22T00:00:00.000Z;223;7.1
330;2023-07-23T00:00:00.000Z;216;9.5
330;2023-07-24T00:00:00.000Z;306;4.8
330;2023-07-25T00:00:00.000Z;315;5.9
330;2023-07-26T00:00:00.000Z;258;5.5
330;2023-07-27T00:00:00.000Z;229;8.5
330;2023-07-28T00:00:00.000Z;233;5.9
330;2023-07-29T00:00:00.000Z;231;8.4
330;2023-07-30T00:00:00.000Z;240;9.2
330;2023-07-31T00:00:00.000Z;238;10.4
330;2023-08-01T00:00:00.000Z;255;9.3
330;2023-08-02T00:00:00.000Z;207;8.3
330;2023-08-03T00:00:00.000Z;307;10.3
330;2023-08-04T00:00:00.000Z;326;6.4
330;2023-08-05T00:00:00.000Z;158;5.2
330;2023-08-06T00:00:00.000Z;321;12.1
330;2023-08-07T00:00:00.000Z;291;9.2
330;2023-08-08T00:00:00.000Z;269;7.4
330;2023-08-09T00:00:00.000Z;283;3.7
330;2023-08-10T00:00:00.000Z;177;1.4
330;2023-08-11T00:00:00.000Z;210;5.1
330;2023-08-12T00:00:00.000Z;229;7.1
330;2023-08-13T00:00:00.000Z;213;6.4
330;2023-08-14T00:00:00.000Z;189;4.2
330;2023-08-15T00:00:00.000Z;260;3.2
330;2023-08-16T00:00:00.000Z;41;4.7
330;2023-08-17T00:00:00.000Z;47;6.4
330;2023-08-18T00:00:00.000Z;86;3.5
330;2023-08-19T00:00:00.000Z;221;5.0
330;2023-08-20T00:00:00.000Z;258;2.3
330;2023-08-21T00:00:00.000Z;269;2.3
330;2023-08-22T00:00:00.000Z;237;3.6
330;2023-08-23T00:00:00.000Z;320;0.7
330;2023-08-24T00:00:00.000Z;158;3.2
330;2023-08-25T00:00:00.000Z;304;2.6
330;2023-08-26T00:00:00.000Z;218;6.5
330;2023-08-27T00:00:00.000Z;247;5.7
330;2023-08-28T00:00:00.000Z;341;3.5
330;2023-08-29T00:00:00.000Z;236;3.2
330;2023-08-30T00:00:00.000Z;259;4.9
330;2023-08-31T00:00:00.000Z;275;4.2
330;2023-09-01T00:00:00.000Z;143;2.4
330;2023-09-02T00:00:00.000Z;44;2.8
330;2023-09-03T00:00:00.000Z;58;2.4
330;2023-09-04T00:00:00.000Z;99;3.5
330;2023-09-05T00:00:00.000Z;112;3.1
330;2023-09-06T00:00:00.000Z;86;1.5
330;2023-09-07T00:00:00.000Z;110;3.9
330;2023-09-08T00:00:00.000Z;243;1.1
330;2023-09-09T00:00:00.000Z;47;0.9
330;2023-09-10T00:00:00.000Z;149;3.6
330;2023-09-11T00:00:00.000Z;234;3.2
330;2023-09-12T00:00:00.000Z;293;1.0
330;2023-09-13T00:00:00.000Z;25;5.9
330;2023-09-14T00:00:00.000Z;121;2.0
330;2023-09-15T00:00:00.000Z;117;3.5
330;2023-09-16T00:00:00.000Z;65;3.1
330;2023-09-17T00:00:00.000Z;83;4.1
330;2023-09-18T00:00:00.000Z;226;8.1
330;2023-09-19T00:00:00.000Z;221;11.5
330;2023-09-20T00:00:00.000Z;188;10.8
330;2023-09-21T00:00:00.000Z;207;2.8
330;2023-09-22T00:00:00.000Z;202;5.5
330;2023-09-23T00:00:00.000Z;259;6.4
330;2023-09-24T00:00:00.000Z;180;7.4
330;2023-09-25T00:00:00.000Z;183;5.5
330;2023-09-26T00:00:00.000Z;172;4.2
330;2023-09-27T00:00:00.000Z;162;4.7
330;2023-09-28T00:00:00.000Z;214;6.0
330;2023-09-29T00:00:00.000Z;261;4.3
330;2023-09-30T00:00:00.000Z;210;4.1
330;2023-10-01T00:00:00.000Z;205;4.9
330;2023-10-02T00:00:00.000Z;173;2.2
330;2023-10-03T00:00:00.000Z;272;10.1
330;2023-10-04T00:00:00.000Z;253;8.3
330;2023-10-05T00:00:00.000Z;249;7.0
330;2023-10-06T00:00:00.000Z;227;8.7
330;2023-10-07T00:00:00.000Z;244;8.7
330;2023-10-08T00:00:00.000Z;200;1.4
330;2023-10-09T00:00:00.000Z;267;4.3
330;2023-10-10T00:00:00.000Z;210;6.8
330;2023-10-11T00:00:00.000Z;237;8.2
330;2023-10-12T00:00:00.000Z;227;2.8
330;2023-10-13T00:00:00.000Z;218;8.3
330;2023-10-14T00:00:00.000Z;293;10.9
330;2023-10-15T00:00:00.000Z;328;8.4
330;2023-10-16T00:00:00.000Z;124;2.1
330;2023-10-17T00:00:00.000Z;89;6.4
330;2023-10-18T00:00:00.000Z;108;9.0
330;2023-10-19T00:00:00.000Z;151;6.0
330;2023-10-20T00:00:00.000Z;122;5.4
330;2023-10-21T00:00:00.000Z;180;10.1
330;2023-10-22T00:00:00.000Z;246;5.6
330;2023-10-23T00:00:00.000Z;98;4.6
330;2023-10-24T00:00:00.000Z;208;7.0
330;2023-10-25T00:00:00.000Z;75;3.3
330;2023-10-26T00:00:00.000Z;132;5.1
330;2023-10-27T00:00:00.000Z;181;4.3
330;2023-10-28T00:00:00.000Z;177;8.4
330;2023-10-29T00:00:00.000Z;202;11.0
330;2023-10-30T00:00:00.000Z;193;5.3
330;2023-10-31T00:00:00.000Z;214;5.4
330;2023-11-01T00:00:00.000Z;184;9.5
330;2023-11-02T00:00:00.000Z;179;14.1
330;2023-11-03T00:00:00.000Z;221;10.8
330;2023-11-04T00:00:00.000Z;175;9.2
330;2023-11-05T00:00:00.000Z;245;8.0
330;2023-11-06T00:00:00.000Z;211;8.9
330;2023-11-07T00:00:00.000Z;224;8.2
330;2023-11-08T00:00:00.000Z;200;9.9
330;2023-11-09T00:00:00.000Z;211;6.4
330;2023-11-10T00:00:00.000Z;227;5.7
330;2023-11-11T00:00:00.000Z;282;7.6
330;2023-11-12T00:00:00.000Z;171;4.1
330;2023-11-13T00:00:00.000Z;220;8.8
330;2023-11-14T00:00:00.000Z;258;10.1
330;2023-11-15T00:00:00.000Z;272;10.8
330;2023-11-16T00:00:00.000Z;68;2.0
330;2023-11-17T00:00:00.000Z;213;3.6
330;2023-11-18T00:00:00.000Z;188;8.2
330;2023-11-19T00:00:00.000Z;238;10.8
330;2023-11-20T00:00:00.000Z;253;6.1
330;2023-11-21T00:00:00.000Z;32;6.0
330;2023-11-22T00:00:00.000Z;217;3.7
330;2023-11-23T00:00:00.000Z;273;10.0
330;2023-11-24T00:00:00.000Z;333;15.8
330;2023-11-25T00:00:00.000Z;339;11.7
330;2023-11-26T00:00:00.000Z;262;4.2
330;2023-11-27T00:00:00.000Z;78;2.8
330;2023-11-28T00:00:00.000Z;329;2.1
330;2023-11-29T00:00:00.000Z;308;5.2
330;2023-11-30T00:00:00.000Z;115;1.5
330;2023-12-01T00:00:00.000Z;82;3.7
330;2023-12-02T00:00:00.000Z;199;3.6
330;2023-12-03T00:00:00.000Z;171;8.4
330;2023-12-04T00:00:00.000Z;128;8.1
330;2023-12-05T00:00:00.000Z;29;6.3
330;2023-12-06T00:00:00.000Z;337;3.9
330;2023-12-07T00:00:00.000Z;138;7.2
330;2023-12-08T00:00:00.000Z;183;6.0
330;2023-12-09T00:00:00.000Z;204;8.3
330;2023-12-10T00:00:00.000Z;240;11.3
330;2023-12-11T00:00:00.000Z;256;8.5
330;2023-12-12T00:00:00.000Z;182;5.5
330;2023-12-13T00:00:00.000Z;41;0.7
330;2023-12-14T00:00:00.000Z;345;1.0
330;2023-12-15T00:00:00.000Z;261;4.7
330;2023-12-16T00:00:00.000Z;228;6.8
330;2023-12-17T00:00:00.000Z;215;8.4
330;2023-12-18T00:00:00.000Z;208;7.9
330;2023-12-19T00:00:00.000Z;247;6.6
330;2023-12-20T00:00:00.000Z;268;11.6
330;2023-12-21T00:00:00.000Z;272;13.5
330;2023-12-22T00:00:00.000Z;281;14.4
330;2023-12-23T00:00:00.000Z;254;12.4
330;2023-12-24T00:00:00.000Z;231;13.2
330;2023-12-25T00:00:00.000Z;241;9.8
330;2023-12-26T00:00:00.000Z;267;7.1
330;2023-12-27T00:00:00.000Z;179;7.9
330;2023-12-28T00:00:00.000Z;211;12.8
330;2023-12-29T00:00:00.000Z;240;9.4
330;2023-12-30T00:00:00.000Z;204;7.2
330;2023-12-31T00:00:00.000Z;186;11.7
330;2024-01-01T00:00:00.000Z;233;8.6
330;2024-01-02T00:00:00.000Z;218;11.1
330;2024-01-03T00:00:00.000Z;249;9.7
330;2024-01-04T00:00:00.000Z;241;4.1
330;2024-01-05T00:00:00.000Z;286;0.9
330;2024-01-06T00:00:00.000Z;20;9.7
330;2024-01-07T00:00:00.000Z;54;8.7
330;2024-01-08T00:00:00.000Z;63;9.1
330;2024-01-09T00:00:00.000Z;72;8.4
330;2024-01-10T00:00:00.000Z;70;5.8
330;2024-01-11T00:00:00.000Z;37;4.2
330;2024-01-12T00:00:00.000Z;13;3.7
330;2024-01-13T00:00:00.000Z;269;6.9
330;2024-01-14T00:00:00.000Z;293;8.2
330;2024-01-15T00:00:00.000Z;313;11.9
330;2024-01-16T00:00:00.000Z;247;6.1
330;2024-01-17T00:00:00.000Z;160;2.1
330;2024-01-18T00:00:00.000Z;339;4.7
330;2024-01-19T00:00:00.000Z;262;6.7
330;2024-01-20T00:00:00.000Z;195;8.4
330;2024-01-21T00:00:00.000Z;192;12.9
330;2024-01-22T00:00:00.000Z;226;11.9
330;2024-01-23T00:00:00.000Z;227;10.4
330;2024-01-24T00:00:00.000Z;246;12.0
330;2024-01-25T00:00:00.000Z;218;5.2
330;2024-01-26T00:00:00.000Z;258;7.6
330;2024-01-27T00:00:00.000Z;195;4.4
330;2024-01-28T00:00:00.000Z;161;6.2
330;2024-01-29T00:00:00.000Z;185;5.9
330;2024-01-30T00:00:00.000Z;237;5.1
330;2024-01-31T00:00:00.000Z;216;7.2
330;2024-02-01T00:00:00.000Z;276;5.4
330;2024-02-02T00:00:00.000Z;229;9.6
330;2024-02-03T00:00:00.000Z;241;9.2
330;2024-02-04T00:00:00.000Z;240;10.1
330;2024-02-05T00:00:00.000Z;229;12.2
330;2024-02-06T00:00:00.000Z;229;12.5
330;2024-02-07T00:00:00.000Z;42;2.7
330;2024-02-08T00:00:00.000Z;116;4.9
330;2024-02-09T00:00:00.000Z;184;8.1
330;2024-02-10T00:00:00.000Z;145;3.6
330;2024-02-11T00:00:00.000Z;221;4.1
330;2024-02-12T00:00:00.000Z;247;5.0
330;2024-02-13T00:00:00.000Z;198;7.3
330;2024-02-14T00:00:00.000Z;222;9.3
330;2024-02-15T00:00:00.000Z;179;6.6
330;2024-02-16T00:00:00.000Z;238;5.4
330;2024-02-17T00:00:00.000Z;229;4.0
330;2024-02-18T00:00:00.000Z;233;6.9
330;2024-02-19T00:00:00.000Z;268;6.8
330;2024-02-20T00:00:00.000Z;231;7.6
330;2024-02-21T00:00:00.000Z;200;9.3
330;2024-02-22T00:00:00.000Z;220;8.2
330;2024-02-23T00:00:00.000Z;204;9.3
330;2024-02-24T00:00:00.000Z;190;6.7
330;2024-02-25T00:00:00.000Z;156;2.8
330;2024-02-26T00:00:00.000Z;40;12.7
330;2024-02-27T00:00:00.000Z;25;4.1
330;2024-02-28T00:00:00.000Z;196;6.2
330;2024-02-29T00:00:00.000Z;178;9.3
330;2024-03-01T00:00:00.000Z;178;7.1
330;2024-03-02T00:00:00.000Z;160;7.5
330;2024-03-03T00:00:00.000Z;318;4.9
330;2024-03-04T00:00:00.000Z;352;1.6
330;2024-03-05T00:00:00.000Z;110;1.5
330;2024-03-06T00:00:00.000Z;86;0.7
330;2024-03-07T00:00:00.000Z;84;6.0
330;2024-03-08T00:00:00.000Z;93;8.3
330;2024-03-09T00:00:00.000Z;100;6.9
330;2024-03-10T00:00:00.000Z;80;4.9
330;2024-03-11T00:00:00.000Z;349;3.4
330;2024-03-12T00:00:00.000Z;222;4.5
330;2024-03-13T00:00:00.000Z;220;7.5
330;2024-03-14T00:00:00.000Z;194;7.0
330;2024-03-15T00:00:00.000Z;222;10.1
330;2024-03-16T00:00:00.000Z;316;3.2
330;2024-03-17T00:00:00.000Z;162;5.9
330;2024-03-18T00:00:00.000Z;231;3.6
330;2024-03-19T00:00:00.000Z;213;4.5
330;2024-03-20T00:00:00.000Z;292;0.4
330;2024-03-21T00:00:00.000Z;267;2.8
330;2024-03-22T00:00:00.000Z;246;5.5
330;2024-03-23T00:00:00.000Z;269;9.9
330;2024-03-24T00:00:00.000Z;292;12.3
330;2024-03-25T00:00:00.000Z;147;3.1
330;2024-03-26T00:00:00.000Z;121;5.4
330;2024-03-27T00:00:00.000Z;180;7.2
330;2024-03-28T00:00:00.000Z;183;9.1
330;2024-03-29T00:00:00.000Z;186;8.7
330;2024-03-30T00:00:00.000Z;223;1.0
330;2024-03-31T00:00:00.000Z;108;4.7
330;2024-04-01T00:00:00.000Z;215;5.6
330;2024-04-02T00:00:00.000Z;212;7.4
330;2024-04-03T00:00:00.000Z;206;8.3
330;2024-04-04T00:00:00.000Z;223;9.6
330;2024-04-05T00:00:00.000Z;209;8.2
330;2024-04-06T00:00:00.000Z;181;7.1
330;2024-04-07T00:00:00.000Z;212;6.3
330;2024-04-08T00:00:00.000Z;151;3.3
330;2024-04-09T00:00:00.000Z;227;10.5
330;2024-04-10T00:00:00.000Z;242;6.1
330;2024-04-11T00:00:00.000Z;219;7.0
330;2024-04-12T00:00:00.000Z;222;9.1
330;2024-04-13T00:00:00.000Z;228;7.7
330;2024-04-14T00:00:00.000Z;289;4.1
330;2024-04-15T00:00:00.000Z;258;11.1
330;2024-04-16T00:00:00.000Z;321;11.4
330;2024-04-17T00:00:00.000Z;336;6.4
330;2024-04-18T00:00:00.000Z;283;3.4
330;2024-04-19T00:00:00.000Z;316;12.7
330;2024-04-20T00:00:00.000Z;344;12.1
330;2024-04-21T00:00:00.000Z;26;9.6
330;2024-04-22T00:00:00.000Z;24;6.6
330;2024-04-23T00:00:00.000Z;337;4.0
330;2024-04-24T00:00:00.000Z;329;10.6
330;2024-04-25T00:00:00.000Z;251;4.4
330;2024-04-26T00:00:00.000Z;293;3.1
330;2024-04-27T00:00:00.000Z;118;2.9
330;2024-04-28T00:00:00.000Z;195;9.1
330;2024-04-29T00:00:00.000Z;183;5.0
330;2024-04-30T00:00:00.000Z;137;2.4
330;2024-05-01T00:00:00.000Z;25;4.5
330;2024-05-02T00:00:00.000Z;217;2.6
330;2024-05-03T00:00:00.000Z;;
330;2024-05-04T00:00:00.000Z;;
330;2024-05-05T00:00:00.000Z;7;1.0
330;2024-05-06T00:00:00.000Z;82;2.6
330;2024-05-07T00:00:00.000Z;5;6.3
330;2024-05-08T00:00:00.000Z;350;6.0
330;2024-05-09T00:00:00.000Z;355;1.7
330;2024-05-10T00:00:00.000Z;27;4.9
330;2024-05-11T00:00:00.000Z;41;4.7
330;2024-05-12T00:00:00.000Z;113;5.8
330;2024-05-13T00:00:00.000Z;173;1.2
330;2024-05-14T00:00:00.000Z;142;2.2
330;2024-05-15T00:00:00.000Z;26;1.7
330;2024-05-16T00:00:00.000Z;338;1.5
330;2024-05-17T00:00:00.000Z;336;5.0
330;2024-05-18T00:00:00.000Z;301;3.8
330;2024-05-19T00:00:00.000Z;347;5.0
330;2024-05-20T00:00:00.000Z;3;5.6
330;2024-05-21T00:00:00.000Z;339;2.2
330;2024-05-22T00:00:00.000Z;218;7.9
330;2024-05-23T00:00:00.000Z;228;6.0
330;2024-05-24T00:00:00.000Z;334;3.1
330;2024-05-25T00:00:00.000Z;275;1.7
330;2024-05-26T00:00:00.000Z;173;4.6
330;2024-05-27T00:00:00.000Z;231;6.8
330;2024-05-28T00:00:00.000Z;205;7.4
330;2024-05-29T00:00:00.000Z;241;7.2
330;2024-05-30T00:00:00.000Z;294;6.6
330;2024-05-31T00:00:00.000Z;342;8.0
330;2024-06-01T00:00:00.000Z;358;11.6
330;2024-06-02T00:00:00.000Z;358;8.2
330;2024-06-03T00:00:00.000Z;287;3.1
330;2024-06-04T00:00:00.000Z;229;5.4
330;2024-06-05T00:00:00.000Z;272;5.0
330;2024-06-06T00:00:00.000Z;248;2.5
330;2024-06-07T00:00:00.000Z;231;4.9
330;2024-06-08T00:00:00.000Z;251;4.6
330;2024-06-09T00:00:00.000Z;277;6.7
330;2024-06-10T00:00:00.000Z;306;6.7
330;2024-06-11T00:00:00.000Z;305;8.2
330;2024-06-12T00:00:00.000Z;310;6.0
330;2024-06-13T00:00:00.000Z;208;3.7
330;2024-06-14T00:00:00.000Z;186;7.1
330;2024-06-15T00:00:00.000Z;207;9.6
330;2024-06-16T00:00:00.000Z;210;8.1
330;2024-06-17T00:00:00.000Z;228;4.6
330;2024-06-18T00:00:00.000Z;27;2.8
330;2024-06-19T00:00:00.000Z;19;7.7
330;2024-06-20T00:00:00.000Z;26;5.6
330;2024-06-21T00:00:00.000Z;294;1.4
330;2024-06-22T00:00:00.000Z;249;5.5
330;2024-06-23T00:00:00.000Z;262;2.3
330;2024-06-24T00:00:00.000Z;348;2.3
330;2024-06-25T00:00:00.000Z;17;5.2
330;2024-06-26T00:00:00.000Z;356;2.6
330;2024-06-27T00:00:00.000Z;233;5.8
330;2024-06-28T00:00:00.000Z;252;6.4
330;2024-06-29T00:00:00.000Z;352;2.3
330;2024-06-30T00:00:00.000Z;323;6.5
330;2024-07-01T00:00:00.000Z;286;6.0
330;2024-07-02T00:00:00.000Z;323;6.6
330;2024-07-03T00:00:00.000Z;239;5.8
330;2024-07-04T00:00:00.000Z;263;8.6
330;2024-07-05T00:00:00.000Z;222;7.5
330;2024-07-06T00:00:00.000Z;231;9.3
330;2024-07-07T00:00:00.000Z;211;6.9
330;2024-07-08T00:00:00.000Z;251;1.3
330;2024-07-09T00:00:00.000Z;147;1.1
330;2024-07-10T00:00:00.000Z;219;6.8
330;2024-07-11T00:00:00.000Z;274;3.7
330;2024-07-12T00:00:00.000Z;340;6.6
330;2024-07-13T00:00:00.000Z;263;7.3
330;2024-07-14T00:00:00.000Z;225;6.3
330;2024-07-15T00:00:00.000Z;81;1.2
330;2024-07-16T00:00:00.000Z;230;8.0
330;2024-07-17T00:00:00.000Z;291;3.1
330;2024-07-18T00:00:00.000Z;43;3.0
330;2024-07-19T00:00:00.000Z;104;2.8
330;2024-07-20T00:00:00.000Z;125;1.3
330;2024-07-21T00:00:00.000Z;310;4.5
330;2024-07-22T00:00:00.000Z;228;5.8
330;2024-07-23T00:00:00.000Z;301;5.7
330;2024-07-24T00:00:00.000Z;341;2.7
330;2024-07-25T00:00:00.000Z;195;5.9
330;2024-07-26T00:00:00.000Z;250;4.9
330;2024-07-27T00:00:00.000Z;263;2.8
330;2024-07-28T00:00:00.000Z;346;3.5
330;2024-07-29T00:00:00.000Z;93;3.1
330;2024-07-30T00:00:00.000Z;24;3.3
330;2024-07-31T00:00:00.000Z;30;6.6
330;2024-08-01T00:00:00.000Z;37;4.0
330;2024-08-02T00:00:00.000Z;69;0.8
330;2024-08-03T00:00:00.000Z;246;5.7
330;2024-08-04T00:00:00.000Z;312;2.0
330;2024-08-05T00:00:00.000Z;222;3.4
330;2024-08-06T00:00:00.000Z;226;2.4
330;2024-08-07T00:00:00.000Z;259;5.0
330;2024-08-08T00:00:00.000Z;232;5.7
330;2024-08-09T00:00:00.000Z;230;9.0
330;2024-08-10T00:00:00.000Z;245;5.9
330;2024-08-11T00:00:00.000Z;38;2.8
330;2024-08-12T00:00:00.000Z;122;4.5
330;2024-08-13T00:00:00.000Z;239;3.3
330;2024-08-14T00:00:00.000Z;262;2.1
330;2024-08-15T00:00:00.000Z;232;7.3
330;2024-08-16T00:00:00.000Z;288;1.9
330;2024-08-17T00:00:00.000Z;48;2.4
330;2024-08-18T00:00:00.000Z;319;2.5
330;2024-08-19T00:00:00.000Z;183;5.4
330;2024-08-20T00:00:00.000Z;212;4.9
330;2024-08-21T00:00:00.000Z;258;8.2
330;2024-08-22T00:00:00.000Z;211;9.5
330;2024-08-23T00:00:00.000Z;218;8.7
330;2024-08-24T00:00:00.000Z;223;4.5
330;2024-08-25T00:00:00.000Z;238;7.9
330;2024-08-26T00:00:00.000Z;209;6.5
330;2024-08-27T00:00:00.000Z;159;2.5
330;2024-08-28T00:00:00.000Z;147;2.5
330;2024-08-29T00:00:00.000Z;287;3.2
330;2024-08-30T00:00:00.000Z;33;5.2
330;2024-08-31T00:00:00.000Z;61;8.1
330;2024-09-01T00:00:00.000Z;94;5.5
330;2024-09-02T00:00:00.000Z;229;2.7
330;2024-09-03T00:00:00.000Z;207;3.5
330;2024-09-04T00:00:00.000Z;310;1.6
330;2024-09-05T00:00:00.000Z;45;5.5
330;2024-09-06T00:00:00.000Z;138;2.6
330;2024-09-07T00:00:00.000Z;126;3.2
330;2024-09-08T00:00:00.000Z;182;6.4
330;2024-09-09T00:00:00.000Z;318;6.7
330;2024-09-10T00:00:00.000Z;251;8.3
330;2024-09-11T00:00:00.000Z;284;8.9
330;2024-09-12T00:00:00.000Z;3;1.4
330;2024-09-13T00:00:00.000Z;5;6.6
330;2024-09-14T00:00:00.000Z;266;2.3
330;2024-09-15T00:00:00.000Z;247;4.1
330;2024-09-16T00:00:00.000Z;6;7.3
330;2024-09-17T00:00:00.000Z;37;9.2
330;2024-09-18T00:00:00.000Z;47;6.6
330;2024-09-19T00:00:00.000Z;51;6.1
330;2024-09-20T00:00:00.000Z;83;6.5
330;2024-09-21T00:00:00.000Z;89;3.1
330;2024-09-22T00:00:00.000Z;113;4.3
330;2024-09-23T00:00:00.000Z;182;5.1
330;2024-09-24T00:00:00.000Z;231;5.3
330;2024-09-25T00:00:00.000Z;201;4.6
330;2024-09-26T00:00:00.000Z;205;8.3
330;2024-09-27T00:00:00.000Z;261;6.6
330;2024-09-28T00:00:00.000Z;317;8.1
330;2024-09-29T00:00:00.000Z;144;5.9
330;2024-09-30T00:00:00.000Z;162;8.2
330;2024-10-01T00:00:00.000Z;223;7.0
330;2024-10-02T00:00:00.000Z;53;5.9
330;2024-10-03T00:00:00.000Z;53;5.9
330;2024-10-04T00:00:00.000Z;89;2.5
330;2024-10-05T00:00:00.000Z;122;4.2
330;2024-10-06T00:00:00.000Z;134;6.5
330;2024-10-07T00:00:00.000Z;183;5.5
330;2024-10-08T00:00:00.000Z;185;7.2
330;2024-10-09T00:00:00.000Z;180;5.3
330;2024-10-10T00:00:00.000Z;337;9.5
330;2024-10-11T00:00:00.000Z;205;1.4
330;2024-10-12T00:00:00.000Z;192;3.9
330;2024-10-13T00:00:00.000Z;283;8.9
330;2024-10-14T00:00:00.000Z;113;2.8
330;2024-10-15T00:00:00.000Z;104;6.3
330;2024-10-16T00:00:00.000Z;133;9.1
330;2024-10-17T00:00:00.000Z;195;4.2
330;2024-10-18T00:00:00.000Z;335;1.3
330;2024-10-19T00:00:00.000Z;185;6.0
330;2024-10-20T00:00:00.000Z;188;8.8
330;2024-10-21T00:00:00.000Z;226;4.5
330;2024-10-22T00:00:00.000Z;222;4.8
330;2024-10-23T00:00:00.000Z;183;2.5
330;2024-10-24T00:00:00.000Z;130;5.2
330;2024-10-25T00:00:00.000Z;146;4.5
330;2024-10-26T00:00:00.000Z;176;1.3
330;2024-10-27T00:00:00.000Z;268;3.8
330;2024-10-28T00:00:00.000Z;214;7.5
330;2024-10-29T00:00:00.000Z;228;4.2
330;2024-10-30T00:00:00.000Z;339;1.0
330;2024-10-31T00:00:00.000Z;206;2.1
330;2024-11-01T00:00:00.000Z;238;2.8
330;2024-11-02T00:00:00.000Z;75;3.8
330;2024-11-03T00:00:00.000Z;102;2.8
330;2024-11-04T00:00:00.000Z;104;3.8
330;2024-11-05T00:00:00.000Z;158;2.5
330;2024-11-06T00:00:00.000Z;173;2.4
330;2024-11-07T00:00:00.000Z;99;4.4
330;2024-11-08T00:00:00.000Z;99;4.5
330;2024-11-09T00:00:00.000Z;150;2.7
330;2024-11-10T00:00:00.000Z;212;3.7
330;2024-11-11T00:00:00.000Z;344;10.1
330;2024-11-12T00:00:00.000Z;44;8.4
330;2024-11-13T00:00:00.000Z;338;3.4
330;2024-11-14T00:00:00.000Z;353;5.4
330;2024-11-15T00:00:00.000Z;205;3.4
330;2024-11-16T00:00:00.000Z;243;6.4
330;2024-11-17T00:00:00.000Z;288;10.3
330;2024-11-18T00:00:00.000Z;291;4.8
330;2024-11-19T00:00:00.000Z;13;4.2
330;2024-11-20T00:00:00.000Z;309;12.7
330;2024-11-21T00:00:00.000Z;290;9.4
330;2024-11-22T00:00:00.000Z;284;12.0
330;2024-11-23T00:00:00.000Z;185;10.9
330;2024-11-24T00:00:00.000Z;185;13.7
330;2024-11-25T00:00:00.000Z;210;8.7
330;2024-11-26T00:00:00.000Z;214;6.1
330;2024-11-27T00:00:00.000Z;248;3.9
330;2024-11-28T00:00:00.000Z;330;6.6
330;2024-11-29T00:00:00.000Z;149;5.5
330;2024-11-30T00:00:00.000Z;172;6.4
330;2024-12-01T00:00:00.000Z;175;7.5
330;2024-12-02T00:00:00.000Z;236;5.4
330;2024-12-03T00:00:00.000Z;334;7.7
330;2024-12-04T00:00:00.000Z;228;3.4
330;2024-12-05T00:00:00.000Z;193;10.4
330;2024-12-06T00:00:00.000Z;282;10.6
330;2024-12-07T00:00:00.000Z;206;7.6
330;2024-12-08T00:00:00.000Z;35;11.4
330;2024-12-09T00:00:00.000Z;41;11.6
330;2024-12-10T00:00:00.000Z;53;9.4
330;2024-12-11T00:00:00.000Z;65;4.7
330;2024-12-12T00:00:00.000Z;138;2.1
330;2024-12-13T00:00:00.000Z;154;3.4
330;2024-12-14T00:00:00.000Z;271;6.4
330;2024-12-15T00:00:00.000Z;246;8.0
330;2024-12-16T00:00:00.000Z;246;8.8
330;2024-12-17T00:00:00.000Z;204;6.9
330;2024-12-18T00:00:00.000Z;203;11.6
330;2024-12-19T00:00:00.000Z;296;9.9
330;2024-12-20T00:00:00.000Z;252;6.6
330;2024-12-21T00:00:00.000Z;239;9.1
330;2024-12-22T00:00:00.000Z;290;14.2
330;2024-12-23T00:00:00.000Z;325;11.8
330;2024-12-24T00:00:00.000Z;208;4.7
330;2024-12-25T00:00:00.000Z;207;3.4
330;2024-12-26T00:00:00.000Z;167;2.4
330;2024-12-27T00:00:00.000Z;144;1.4
330;2024-12-28T00:00:00.000Z;190;3.2
330;2024-12-29T00:00:00.000Z;219;5.2
330;2024-12-30T00:00:00.000Z;225;8.2
330;2024-12-31T00:00:00.000Z;198;11.0
